Candidate,Incumbent,State,Office,District,Stance,Source,URL,Note,Won or Lost their Race ,Dem or Rep State ,The FiveThirtyEight partisan lean of every state
Katie Britt,No,Alabama,Senator,N/A,Fully denied,NBC News,https://twitter.com/VaughnHillyard/status/1528918324192608257,,Elected ,Trump ,29.6
Jerry Carl,Yes,Alabama,Representative,1,Fully denied,"Congressional roll call, Alabama Political Reporter",https://clerk.house.gov/Votes/202111?Date=01%2F07%2F2021,,Elected,Trump ,29.6
Barry Moore,Yes,Alabama,Representative,2,Fully denied,Congressional roll call,https://clerk.house.gov/Votes/202111?Date=01%2F07%2F2021,,Elected ,Trump ,29.6
Mike Rogers,Yes,Alabama,Representative,3,Fully denied,Congressional roll call,https://clerk.house.gov/Votes/202111?Date=01%2F07%2F2021,,Elected,Trump ,29.6
Robert Aderholt,Yes,Alabama,Representative,4,Fully denied,Congressional roll call,https://clerk.house.gov/Votes/202111?Date=01%2F07%2F2021,,Elected,Trump ,29.6
Dale Strong,No,Alabama,Representative,5,Fully denied,Facebook,https://www.facebook.com/strongforalabama/posts/pfbid0Km4TZaJPUTYuSAnwLNeezfrQSaL3uCNDLhvWFwRkMDpKPByKPTXDFYEdvP2m1rvkl?__cft__[0]=AZVE-LgrXbka-w1K8Z5IBxGpBh61GPUdZxnovjIPky71lJcPQWMquAkzM7W8jVhSl7p6idLzrG9toCil8_CQJUa_1NsiaaLVvWTqhVnrllFsloNysJKgcXmgeC0g3E_M4nJnPgsbVJ4ATcVTKt3uUJsRCZRWe028wDT8sg4hQaIRJsMxEFe46wgxhd-UBLyMZ5OKiWp2sNUyyvnmr92-UpxH&__tn__=%2CO%2CP-R,,Elected,Trump ,29.6
Gary Palmer,Yes,Alabama,Representative,6,Fully denied,Congressional roll call,https://clerk.house.gov/Votes/202111?Date=01%2F07%2F2021,,Elected,Trump ,29.6
Beatrice Nichols,No,Alabama,Representative,7,Raised questions,Email to FiveThirtyEight,,,Not Elected,Trump ,29.6
Kay Ivey,Yes,Alabama,Governor,N/A,Fully denied,Kay Ivey for Governor,https://www.youtube.com/watch?v=xztJw19j-CY,,Elected,Trump ,29.6
Steve Marshall,Yes,Alabama,Attorney general,N/A,Accepted with reservations,"HuffPost, Supreme Court amicus brief",https://www.huffpost.com/entry/alabama-attorney-general-steve-marshall-biden-president_n_623c96f3e4b0f1e82c54e20b,,Elected,Trump ,29.6
Wes Allen,No,Alabama,Secretary of state,N/A,Raised questions,AL.com,https://www.al.com/news/2022/02/spotlight-shines-on-alabama-secretary-of-state-race-as-views-over-2020-election-and-trump-loom-large.html,,Elected,Trump ,29.6
Kelly C. Tshibaka,No,Alaska,Senator,N/A,Raised questions,Anchorage Daily News,https://www.adn.com/politics/2022/08/06/candidate-qa-us-senate-kelly-tshibaka/,,Not Elected,Trump ,14.6
Lisa Murkowski,Yes,Alaska,Senator,N/A,Fully accepted,Congressional roll call,https://www.senate.gov/legislative/LIS/roll_call_votes/vote1171/vote_117_1_00002.htm,,Elected ,Trump ,14.6
Nick Begich,No,Alaska,Representative,At-Large,Accepted with reservations,Email to FiveThirtyEight,,,Not Elected,Trump ,14.6
Sarah Palin,No,Alaska,Representative,At-Large,Fully denied,Alaska Beacon,https://alaskabeacon.com/briefs/qa-with-2022-alaska-u-s-house-candidate-sarah-palin/,,Not Elected,Trump ,14.6
Mike Dunleavy,Yes,Alaska,Governor,N/A,Raised questions,Dunleavy press,https://archive.ph/uoMvf,,Elected ,Trump ,14.6
Blake Masters,No,Arizona,Senator,N/A,Accepted with reservations,Washington Post,https://www.washingtonpost.com/politics/2022/10/07/masters-kelly-arizona-debate/,Previously fully denied election,Not Elected,Biden,7.6
David Schweikert,Yes,Arizona,Representative,1,Fully denied,Congressional roll call,https://clerk.house.gov/Votes/202111?Date=01%2F07%2F2021,,Elected,Biden,7.6
Eli Crane,No,Arizona,Representative,2,Fully denied,"Twitter, Washington Post",https://archive.ph/temws,,Elected,Biden,7.6
Jeff Zink,No,Arizona,Representative,3,Fully denied,Email to FiveThirtyEight,,,Not Elected,Biden,7.6
Kelly Cooper,No,Arizona,Representative,4,Raised questions,YouTube,https://www.youtube.com/watch?v=tpMBfBswKWw,,Not Elected,Biden,7.6
Andy Biggs,Yes,Arizona,Representative,5,Fully denied,"Washington Post, congressional roll call",https://www.washingtonpost.com/politics/2022/07/13/houses-fringe-right-thinks-2000-mules-should-be-taken-seriously/,,Elected,Biden,7.6
Juan Ciscomani,No,Arizona,Representative,6,No comment,,,,Elected,Biden,7.6
Luis Pozzolo,No,Arizona,Representative,7,Raised questions,Twitter,https://archive.ph/8D5TQ,,Not Elected,Biden,7.6
Debbie Lesko,Yes,Arizona,Representative,8,Fully denied,"Twitter, congressional roll call, Supreme Court amicus brief",https://archive.ph/c5HxS,,Elected,Biden,7.6
Paul Gosar,Yes,Arizona,Representative,9,Fully denied,"CNN, congressional roll call",https://www.cnn.com/videos/politics/2021/09/27/keilar-paul-gosar-arizona-audit-roll-the-tape-newday-vpx.cnn,,Elected,Biden,7.6
Kari Lake,No,Arizona,Governor,N/A,Fully denied,Arizona PBS,https://youtu.be/zgkoNLPIAc0?t=1054,,Not Elected,Biden,7.6
"Abraham ""Abe"" Hamadeh",No,Arizona,Attorney general,N/A,Fully denied,Arizona Republic,https://www.azcentral.com/story/news/politics/arizona/2022/05/11/arizona-attorney-general-republican-candidates-trump-endorsement-biden-win-election/7376314001/,,Not Elected,Biden,7.6
Mark Finchem,No,Arizona,Secretary of state,N/A,Fully denied,The Guardian,https://www.theguardian.com/us-news/2022/feb/21/mark-finchem-trump-arizona-elections-secretary-of-state,,Not Elected,Biden,7.6
John Boozman,Yes,Arkansas,Senator,N/A,Fully accepted,"KATV (Little Rock, Ark.)",https://katv.com/news/local/sen-john-boozman-wont-protest-electoral-vote-warns-against-undermining-constitution,,Elected,Trump ,31.8
Rick Crawford,Yes,Arkansas,Representative,1,Fully denied,Congressional roll call,https://clerk.house.gov/Votes/202111?Date=01%2F07%2F2021,,Elected ,Trump ,31.8
French Hill,Yes,Arkansas,Representative,2,Fully accepted,Congressional roll call,https://clerk.house.gov/Votes/202111?Date=01%2F07%2F2021,,Elected,Trump ,31.8
Steve Womack,Yes,Arkansas,Representative,3,Fully accepted,Congressional roll call,https://clerk.house.gov/Votes/202111?Date=01%2F07%2F2021,,Elected,Trump ,31.8
Bruce Westerman,Yes,Arkansas,Representative,4,Accepted with reservations,"Supreme Court amicus brief, congressional roll call",https://clerk.house.gov/Votes/202111?Date=01%2F07%2F2021,,Elected,Trump ,31.8
Sarah Huckabee Sanders,No,Arkansas,Governor,N/A,Raised questions,Arkansas Democrat-Gazette,https://www.arkansasonline.com/news/2022/may/01/in-race-for-arkansas-governor-gop-hopefuls-differ/,,Elected,Trump ,31.8
Tim Griffin,No,Arkansas,Attorney general,N/A,No comment,,,,Elected,Trump ,31.8
John Thurston,Yes,Arkansas,Secretary of state,N/A,Avoided answering,Arkansas Democrat-Gazette,https://www.arkansasonline.com/news/2021/aug/21/tab-for-travel-to-sd-paid-by-state/,,Elected,Trump ,31.8
Mark P. Meuser,No,California,Senator,N/A,Raised questions,Email to FiveThirtyEight,,,Not Elected,Biden,-25.5
Doug LaMalfa,Yes,California,Representative,1,Fully denied,"Redding Record Searchlight, congressional roll call",https://www.redding.com/story/news/2020/11/12/lamalfa-chastised-over-comments-social-media-posts-election/6254041002/,,Elected,Biden,-25.5
Douglas Brower,No,California,Representative,2,No comment,,,,Not Elected,Biden,-25.5
Kevin Kiley,No,California,Representative,3,Raised questions,Sacramento Bee,https://www.sacbee.com/news/politics-government/election/california-elections/article261997845.html,,Elected,Biden,-25.5
Matt Brock,No,California,Representative,4,No comment,,,,Not Elected,Biden,-25.5
Tom McClintock,Yes,California,Representative,5,Accepted with reservations,Facebook,https://archive.ph/Sqt3P,,Elected,Biden,-25.5
Tamika Hamilton,No,California,Representative,6,Fully accepted,Email to FiveThirtyEight,,,Not Elected,Biden,-25.5
Max Semenenko,No,California,Representative,7,Fully accepted,The Sacto Politico,https://www.sactopolitico.com/post/q-a-max-semenenko-ca-7,,Not Elected,Biden,-25.5
Rudy Recile,No,California,Representative,8,No comment,,,,Not Elected,Biden,-25.5
Tom Patti,No,California,Representative,9,No comment,,,,Not Elected,Biden,-25.5
John Dennis,No,California,Representative,11,Fully denied,Twitter,https://archive.ph/9pNjh,,Not Elected,Biden,-25.5
Stephen Slauson,No,California,Representative,12,Fully accepted,Email to FiveThirtyEight,,,Not Elected,Biden,-25.5
John Duarte,No,California,Representative,13,No comment,,,,Elected,Biden,-25.5
Alison Hayden,No,California,Representative,14,Fully denied,"Twitter, email to FiveThirtyEight",https://archive.ph/Ca6KI,,Not Elected,Biden,-25.5
Ritesh Tandon,No,California,Representative,17,Accepted with reservations,Email to FiveThirtyEight,,Previously raised questions,Not Elected,Biden,-25.5
Peter Hernandez,No,California,Representative,18,No comment,,,,Not Elected,Biden,-25.5
Jeff Gorman,No,California,Representative,19,No comment,,,,Not Elected,Biden,-25.5
Kevin McCarthy,Yes,California,Representative,20,Fully denied,Congressional roll call,https://clerk.house.gov/Votes/202110?Date=01%2F06%2F2021,,Elected,Biden,-25.5
Michael Maher,No,California,Representative,21,No comment,,,,Not Elected,Biden,-25.5
David G. Valadao,Yes,California,Representative,22,Fully accepted,Congressional roll call,https://clerk.house.gov/Votes/202110?Date=01%2F06%2F2021,,Elected ,Biden,-25.5
Jay Obernolte,Yes,California,Representative,23,Accepted with reservations,"Obernolte press, email to FiveThirtyEight",https://obernolte.house.gov/media/press-releases/rep-obernolte-statement-impeachment-vote,,Elected,Biden,-25.5
Brad Allen,No,California,Representative,24,No comment,,,,Not Elected,Biden,-25.5
Brian E. Hawkins,No,California,Representative,25,Accepted with reservations,Email to FiveThirtyEight,,,Not Elected,Biden,-25.5
Matt Jacobs,No,California,Representative,26,No comment,,,,Not Elected,Biden,-25.5
Mike Garcia,Yes,California,Representative,27,Fully denied,Congressional roll call,https://clerk.house.gov/Votes/202110?Date=01%2F06%2F2021,,Elected,Biden,-25.5
Wes Hallman,No,California,Representative,28,Accepted with reservations,Email to FiveThirtyEight,,,Not Elected,Biden,-25.5
Daniel Bocic Martinez,No,California,Representative,31,No comment,,,,Not Elected,Biden,-25.5
Lucie Lapointe Volotzky,No,California,Representative,32,No comment,,,,Not Elected,Biden,-25.5
John Mark Porter,No,California,Representative,33,Accepted with reservations,Email to FiveThirtyEight,,,Not Elected,Biden,-25.5
Mike Cargile,No,California,Representative,35,Fully denied,Email to FiveThirtyEight,https://archive.ph/AvXVR,,Not Elected,Biden,-25.5
Joe E. Collins III,No,California,Representative,36,Fully denied,Facts with Fiona podcast,https://anchor.fm/factswithfiona/episodes/Episode-8-Meet-California-Congressional-Candidate-Joe-Collins-e1jd8o9,,Not Elected,Biden,-25.5
Eric J. Ching,No,California,Representative,38,Fully denied,Orange County Register,https://www.ocregister.com/2022/04/18/elections-2022-get-to-know-rep-linda-sanchez-two-more-candidates-in-38th-district-race/,,Not Elected,Biden,-25.5
Aja Smith,No,California,Representative,39,Fully denied,California Globe,https://californiaglobe.com/articles/californians-challenge-bidens-55-electoral-votes-in-court/,,Not Elected,Biden,-25.5
Young Kim,Yes,California,Representative,40,Fully accepted,Email to FiveThirtyEight,,,Elected,Biden,-25.5
Ken Calvert,Yes,California,Representative,41,Fully denied,Congressional roll call,https://clerk.house.gov/Votes/202110?Date=01%2F06%2F2021,,Elected,Biden,-25.5
John Briscoe,No,California,Representative,42,Fully denied,Twitter,https://twitter.com/johnfbriscoe/status/1345808626062041089,,Not Elected,Biden,-25.5
Omar Navarro,No,California,Representative,43,Fully denied,Email to FiveThirtyEight,,,Not Elected,Biden,-25.5
Paul Jones,No,California,Representative,44,Avoided answering,Email to FiveThirtyEight,,,Not Elected,Biden,-25.5
Michelle Steel,Yes,California,Representative,45,No comment,,,,Elected,Biden,-25.5
Christopher J. Gonzales,No,California,Representative,46,No comment,,,,Not Elected,Biden,-25.5
Scott Baugh,No,California,Representative,47,Fully accepted,Email to FiveThirtyEight,,,Not Elected,Biden,-25.5
Darrell Issa,Yes,California,Representative,48,Fully denied,Congressional roll call,https://clerk.house.gov/Votes/202110?Date=01%2F06%2F2021,,Elected,Biden,-25.5
Brian Maryott,No,California,Representative,49,Fully accepted,San Diego Union-Tribune,https://www.sandiegouniontribune.com/opinion/commentary/story/2022-08-15/opinion-nov-2022-election-q-a-with-brian-maryott-49th-congressional-district-candidate,,Not Elected,Biden,-25.5
Corey Gustafson,No,California,Representative,50,No comment,,,,Not Elected,Biden,-25.5
Stan Caplan,No,California,Representative,51,No comment,No,,,Not Elected,Biden,-25.5
Tyler Geffeney,No,California,Representative,52,No comment,San Diego Union-Tribune,https://www.sandiegouniontribune.com/opinion/story/2022-04-29/2022-election-q-a-with-tyler-geffeney-52nd-congressional-district-candidate,,Not Elected,Biden,-25.5
Brian Dahle,No,California,Governor,N/A,Fully accepted,Los Angeles Times,https://www.latimes.com/california/story/2022-05-16/california-republican-brian-dahle-campaign-for-governor,,Not Elected,Biden,-25.5
Nathan Hochman,No,California,Attorney general,N/A,No comment,,,,Not Elected,Biden,-25.5
Rob Bernosky,No,California,Secretary of state,N/A,Fully accepted,SFGATE,https://www.sfgate.com/politics/article/Stop-the-Steal-enthusiast-running-17080864.php,,Not Elected,Biden,-25.5
Joe O'Dea,No,Colorado,Senator,N/A,Fully accepted,Colorado Sun,https://coloradosun.com/2022/06/01/ron-hanks-joe-odea-senate-race-issues/,,Not Elected,Biden,-6.4
Jennifer Qualteri,No,Colorado,Representative,1,Fully denied,Email to FiveThirtyEight,,,Not Elected,Biden,-6.4
Marshall Dawson,No,Colorado,Representative,2,No comment,,,,Not Elected,Biden,-6.4
Lauren Boebert,Yes,Colorado,Representative,3,Fully denied,"Denver Post, congressional roll call",https://www.denverpost.com/2020/12/01/lauren-beobert-election-2020-donald-trump/,,Elected,Biden,-6.4
Ken Buck,Yes,Colorado,Representative,4,Accepted with reservations,"Supreme Court amicus brief, congressional roll call",https://clerk.house.gov/Votes/202110?Date=01%2F06%2F2021,,Elected,Biden,-6.4
Doug Lamborn,Yes,Colorado,Representative,5,Fully denied,Congressional roll call,https://clerk.house.gov/Votes/202111?Date=01%2F07%2F2021,,Elected,Biden,-6.4
Steven Monahan,No,Colorado,Representative,6,Fully accepted,Email to FiveThirtyEight,,,Not Elected,Biden,-6.4
Erik Aadland,No,Colorado,Representative,7,Fully denied,FiveThirtyEight,https://fivethirtyeight.com/features/this-candidate-thinks-the-2020-election-was-illegitimate-but-hed-rather-you-didnt-know-that/,,Not Elected,Biden,-6.4
Barbara Kirkmeyer,No,Colorado,Representative,8,Fully accepted,Email to FiveThirtyEight,,,Not Elected,Biden,-6.4
Heidi Ganahl,No,Colorado,Governor,N/A,Fully accepted,Colorado Public Radio,https://www.cpr.org/2022/06/20/heidi-ganahl-is-some-republicans-latest-hope-for-colorado-can-she-get-past-the-primary/,,Not Elected,Biden,-6.4
John Kellner,No,Colorado,Attorney general,N/A,Fully accepted,Colorado Public Radio,https://www.cpr.org/2022/08/10/attorney-general-republican-candidate-john-kellner-interview/,,Not Elected,Biden,-6.4
Pam Anderson,No,Colorado,Secretary of state,N/A,Fully accepted,Email to FiveThirtyEight,,,Not Elected,Biden,-6.4
Leora R. Levy,No,Connecticut,Senator,N/A,Raised questions,Campaign video,https://www.youtube.com/watch?v=QmrGaOb1bjM&t=14s,,Not Elected,Biden,-12.1
Larry Lazor,No,Connecticut,Representative,1,Fully accepted,Twitter,https://archive.ph/hZc9B,,Not Elected,Biden,-12.1
Mike France,No,Connecticut,Representative,2,Accepted with reservations,Email to FiveThirtyEight,,,Not Elected,Biden,-12.1
Lesley DeNardis,No,Connecticut,Representative,3,No comment,,,,Not Elected,Biden,-12.1
Jayme Stevenson,No,Connecticut,Representative,4,Accepted with reservations,Email to FiveThirtyEight,,Previously fully accepted election,Not Elected,Biden,-12.1
George Logan,No,Connecticut,Representative,5,No comment,,,,Not Elected,Biden,-12.1
Robert Stefanowski,No,Connecticut,Governor,N/A,Fully accepted,Connecticut Mirror,https://ctmirror.org/2022/07/18/bysiewicz-ad-contrasts-democrats-with-stefanowski-on-abortion-guns-donald-t/,,Not Elected,Biden,-12.1
Jessica Kordas,No,Connecticut,Attorney general,N/A,No comment,,,,Not Elected,Biden,-12.1
Dominic Rapini,No,Connecticut,Secretary of state,N/A,Raised questions,Fight Voter Fraud newsletter,https://archive.ph/7Pc54,,Not Elected,Biden,-12.1
Lee Murphy,No,Delaware,Representative,At-Large,No comment,,,,Not Elected,Biden,-13.7
Julianne E. Murray,No,Delaware,Attorney general,N/A,No comment,,,,Not Elected,Biden,-13.7
Marco Rubio,Yes,Florida,Senator,N/A,Fully accepted,Congressional roll call,https://www.senate.gov/legislative/LIS/roll_call_votes/vote1171/vote_117_1_00001.htm,,Elected,Trump ,7.6
Matt Gaetz,Yes,Florida,Representative,1,Fully denied,"WEAR-TV (Pensacola, Fla.), congressional roll call",https://weartv.com/news/local/watch-live-rep-gaetz-sit-down-interview-with-channel-3-at-4-pm,,Elected,Trump ,7.6
Neal Dunn,Yes,Florida,Representative,2,Fully denied,Congressional roll call,https://clerk.house.gov/Votes/202110?Date=01%2F06%2F2021,,Elected,Trump ,7.6
Kat Cammack,Yes,Florida,Representative,3,Fully denied,Congressional roll call,https://clerk.house.gov/Votes/202110?Date=01%2F06%2F2021,,Elected,Trump ,7.6
Aaron Bean,No,Florida,Representative,4,No comment,,,,Elected,Trump ,7.6
John Rutherford,Yes,Florida,Representative,5,Fully denied,Congressional roll call,https://clerk.house.gov/Votes/202110?Date=01%2F06%2F2021,,Elected,Trump ,7.6
Michael Waltz,Yes,Florida,Representative,6,Accepted with reservations,"Supreme Court amicus brief, congressional roll call",https://clerk.house.gov/Votes/202111?Date=01%2F07%2F2021,,Elected,Trump ,7.6
Cory Mills,No,Florida,Representative,7,Fully denied,Orlando Sentinel,https://www.orlandosentinel.com/politics/2022-election/os-ne-politics-2022-election-aarp-congressional-forum-20220729-3zvnpsvybbdvph4hnoitnlxwv4-story.html,,Elected,Trump ,7.6
Bill Posey,Yes,Florida,Representative,8,Fully denied,Congressional roll call,https://clerk.house.gov/Votes/202110?Date=01%2F06%2F2021,,Elected,Trump ,7.6
Scotty Moore,No,Florida,Representative,9,Fully denied,Florida Politics,https://floridapolitics.com/archives/542501-republican-congressional-candidates-say-they-believe-donald-trump-won-in-2016/,,Not Elected,Trump ,7.6
Calvin B. Wimbish,No,Florida,Representative,10,Fully denied,Florida Politics,https://floridapolitics.com/archives/542501-republican-congressional-candidates-say-they-believe-donald-trump-won-in-2016/,,Not Elected,Trump ,7.6
Daniel Webster,Yes,Florida,Representative,11,Fully denied,Congressional roll call,https://clerk.house.gov/Votes/202110?Date=01%2F06%2F2021,,Elected,Trump ,7.6
Gus Michael Bilirakis,Yes,Florida,Representative,12,Fully denied,Supreme Court amicus brief,https://www.supremecourt.gov/DocketPDF/22/22O155/163403/20201210153048641_Texas%20v.%20Pennsylvania%20Amicus%20Brief%20of%20106%20Representatives.pdf,,Elected,Trump ,7.6
Anna Paulina Luna,No,Florida,Representative,13,Fully denied,Florida Politics,https://floridapolitics.com/archives/552249-eric-lynn-ad-hits-anna-paula-luna-as-abortion-extremist-2020-denier/,,Elected,Trump ,7.6
James Judge,No,Florida,Representative,14,Raised questions,Email to FiveThirtyEight,,,Not Elected,Trump ,7.6
Laurel Lee,No,Florida,Representative,15,Fully accepted,Bay News 9,https://www.baynews9.com/fl/tampa/news/2021/07/28/there-will-be-no-audits-of-florida-s-election--says-sec--of-state,,Elected,Trump ,7.6
Vern Buchanan,Yes,Florida,Representative,16,Accepted with reservations,"Sarasota Herald-Tribune, congressional roll call",https://www.heraldtribune.com/story/news/politics/2021/01/07/effort-overturn-election-results-divides-florida-republicans/6577080002/,,Elected,Trump ,7.6
Greg Steube,Yes,Florida,Representative,17,Fully denied,Congressional roll call,https://clerk.house.gov/Votes/202110?Date=01%2F06%2F2021,,Elected,Trump ,7.6
Scott Franklin,Yes,Florida,Representative,18,Fully denied,Congressional roll call,https://clerk.house.gov/Votes/202110?Date=01%2F06%2F2021,,Elected,Trump ,7.6
Byron Donalds,Yes,Florida,Representative,19,Fully denied,Congressional roll call,https://clerk.house.gov/Votes/202110?Date=01%2F06%2F2021,,Elected ,Trump ,7.6
Drew Montez Clark,No,Florida,Representative,20,Raised questions,Twitter,https://archive.ph/rDigG,,Not Elected,Trump ,7.6
Brian Mast,Yes,Florida,Representative,21,Fully denied,Congressional roll call,https://clerk.house.gov/Votes/202110?Date=01%2F06%2F2021,,Elected,Trump ,7.6
Dan Franzese,No,Florida,Representative,22,No comment,,,,Not Elected,Trump ,7.6
Joe Budd,No,Florida,Representative,23,Raised questions,South Florida Sun-Sentinel,https://www.sun-sentinel.com/opinion/endorsements/fl-op-endorse-republican-congress-primaries-20220801-doatdgnwtbd5hei6c7cezmj6ri-story.html,,Not Elected,Trump ,7.6
Jesus G. Navarro,No,Florida,Representative,24,Fully denied,Email to FiveThirtyEight,,,Not Elected,Trump ,7.6
Carla Spalding,No,Florida,Representative,25,Raised questions,"South Florida Sun-Sentinel, Facebook",https://www.sun-sentinel.com/opinion/commentary/fl-op-com-carla-spalding-questionnaire-20200622-rgvfw4zdhng47hl2rjrx2ypenq-story.html,,Not Elected,Trump ,7.6
Mario Diaz-Balart,Yes,Florida,Representative,26,Fully denied,Congressional roll call,https://clerk.house.gov/Votes/202110?Date=01%2F06%2F2021,,Elected ,Trump ,7.6
Mar√≠a Elvira Salazar,Yes,Florida,Representative,27,Raised questions,Miami Herald,https://www.miamiherald.com/opinion/editorials/article251868603.html,,Elected ,Trump ,7.6
Carlos A. Gimenez,Yes,Florida,Representative,28,Fully denied,Congressional roll call,https://clerk.house.gov/Votes/202110?Date=01%2F06%2F2021,,Elected ,Trump ,7.6
Ron DeSantis,Yes,Florida,Governor,N/A,Avoided answering,"WFLA-TV (Tampa, Fla.)",https://www.wfla.com/news/politics/desantis-wont-say-if-he-thinks-2020-election-was-stolen/,,Elected ,Trump ,7.6
Ashley Moody,Yes,Florida,Attorney general,N/A,Fully denied,Tallahassee Democrat,https://www.tallahassee.com/story/news/2020/12/09/floridaa-ashley-moody-backs-texas-challenge-election-results/3871989001/,,Elected ,Trump ,7.6
Herschel Junior Walker,No,Georgia,Senator,N/A,Accepted with reservations,Atlanta Journal-Constitution,https://www.ajc.com/politics/politics-blog/herschel-walkers-debate-performance-scores-points-with-supporters/NLEXBRY5KFDHJEU3WICO4P5MNQ/,Previously raised questions,Not Elected,Biden,7.4
"Earl L. ""Buddy"" Carter",Yes,Georgia,Representative,1,Accepted with reservations,"National Public Radio, congressional roll call",https://www.nprillinois.org/politics/2021-02-28/why-republicans-are-moving-to-fix-elections-that-werent-broken,,Elected ,Biden,7.4
Chris West,No,Georgia,Representative,2,Raised questions,Facebook,https://archive.ph/N4P5f,,Not Elected,Biden,7.4
Drew Ferguson,Yes,Georgia,Representative,3,Accepted with reservations,"Supreme Court amicus brief, congressional roll call",https://clerk.house.gov/Votes/202111?Date=01%2F07%2F2021,,Elected,Biden,7.4
Jonathan Chavez,No,Georgia,Representative,4,Accepted with reservations,Email to FiveThirtyEight,,,Not Elected,Biden,7.4
Christian Zimm,No,Georgia,Representative,5,Raised questions,Email to FiveThirtyEight,,,Not Elected,Biden,7.4
Rich McCormick,No,Georgia,Representative,6,Fully denied,PBS,https://www.pbs.org/video/congressional-district-6-r-mbsyqs/,,Elected,Biden,7.4
Mark Gonsalves,No,Georgia,Representative,7,Fully denied,Twitter,https://archive.ph/jan8s,,Not Elected,Biden,7.4
Austin Scott,Yes,Georgia,Representative,8,Accepted with reservations,"Supreme Court amicus brief, congressional roll call, email to FiveThirtyEight",https://clerk.house.gov/Votes/202110?Date=01%2F06%2F2021,,Elected,Biden,7.4
Andrew Clyde,Yes,Georgia,Representative,9,Fully denied,Congressional roll call,https://clerk.house.gov/Votes/202111?Date=01%2F07%2F2021,,Elected,Biden,7.4
Mike Collins,No,Georgia,Representative,10,Fully denied,Email to FiveThirtyEight,,,Elected,Biden,7.4
Barry Loudermilk,Yes,Georgia,Representative,11,Fully denied,Congressional roll call,https://clerk.house.gov/Votes/202111?Date=01%2F07%2F2021,,Elected,Biden,7.4
Rick W. Allen,Yes,Georgia,Representative,12,Fully denied,Congressional roll call,https://clerk.house.gov/Votes/202111?Date=01%2F07%2F2021,,Elected ,Biden,7.4
Caesar Gonzales,No,Georgia,Representative,13,Fully denied,Twitter,https://archive.ph/3Hq4j,,Not Elected,Biden,7.4
Marjorie Taylor Greene,Yes,Georgia,Representative,14,Fully denied,Rome News-Tribune,https://www.northwestgeorgianews.com/rome/news/local/who-won-the-2020-presidential-election-nw-ga-gop-congressional-candidates-weigh-in/article_44bcf808-c969-11ec-b4bb-ffdc53126a37.html,,Elected,Biden,7.4
Brian Kemp,Yes,Georgia,Governor,N/A,Accepted with reservations,Kemp press,https://gov.georgia.gov/press-releases/2020-11-23/governor-kemp-formalizes-election-certification-calls-signature-audit,,Elected,Biden,7.4
Chris Carr,Yes,Georgia,Attorney general,N/A,Fully accepted,Associated Press,https://apnews.com/article/2022-midterm-elections-biden-georgia-atlanta-ed377de9fb954300c17d22daf301288a,,Elected ,Biden,7.4
Brad Raffensperger,Yes,Georgia,Secretary of state,N/A,Fully accepted,Capitol Beat,http://capitol-beat.org/2022/06/secretary-of-state-brad-raffensperger-other-georgians-testify-before-jan-6-committee/,,Elected,Biden,7.4
Bob McDermott,No,Hawaii,Senator,N/A,Avoided answering,Email to FiveThirtyEight,,,Not Elected,Biden,-31.6
Conrad Kress,No,Hawaii,Representative,1,No comment,,,,Not Elected,Biden,-31.6
Joe Akana,No,Hawaii,Representative,2,Raised questions,Facebook,https://archive.ph/FkRfT,,Not Elected,Biden,-31.6
Duke Aiona,No,Hawaii,Governor,N/A,No comment,,,,Not Elected,Biden,-31.6
Mike Crapo,Yes,Idaho,Senator,N/A,Accepted with reservations,"Crapo press, congressional roll call",https://archive.ph/PLQjv,,Elected,Trump ,-37
Russ Fulcher,Yes,Idaho,Representative,1,Fully denied,Congressional roll call,https://clerk.house.gov/Votes/202110?Date=01%2F06%2F2021,,Elected ,Trump ,-37
Mike Simpson,Yes,Idaho,Representative,2,Accepted with reservations,"Simpson press, congressional roll call",https://archive.ph/cJOt0,,Elected ,Trump ,-37
Brad Little,Yes,Idaho,Governor,N/A,Fully denied,Little press,https://archive.ph/92EdF,,Elected,Trump ,-37
Raul R. Labrador,No,Idaho,Attorney general,N/A,Fully denied,Idaho Capital Sun,https://idahocapitalsun.com/2022/07/26/longtime-boise-attorney-replaces-democratic-candidate-for-idaho-attorney-general/,,Elected,Trump ,-37
Phil McGrane,No,Idaho,Secretary of state,N/A,Accepted with reservations,Idaho Statesman,https://www.idahostatesman.com/news/politics-government/state-politics/article260792482.html,,Elected,Trump ,-37
Kathy Salvi,No,Illinois,Senator,N/A,Accepted with reservations,The Daily Herald,https://www.dailyherald.com/news/20220528/kathy-salvi-2022-candidate-for-us-senate,,Not Elected,Biden,-13.4
Eric Carlson,No,Illinois,Representative,1,Raised questions,Email to FiveThirtyEight,,,Not Elected,Biden,-13.4
Thomas Lynch,No,Illinois,Representative,2,No comment,,,,Not Elected,Biden,-13.4
Justin Burau,No,Illinois,Representative,3,Accepted with reservations,Email to FiveThirtyEight,,,Not Elected,Biden,-13.4
James Falakos,No,Illinois,Representative,4,Fully denied,Email to FiveThirtyEight,,,Not Elected,Biden,-13.4
Tommy Hanson,No,Illinois,Representative,5,Accepted with reservations,The Daily Herald,https://www.dailyherald.com/news/20220623/gop-congressional-candidate-questions-fairness-of-bidens-win,,Not Elected,Biden,-13.4
Keith Pekau,No,Illinois,Representative,6,Fully accepted,The Daily Herald,https://www.dailyherald.com/news/20220601/some-republicans-in-6th-us-house-race-doubt-biden-won-the-election,,Not Elected,Biden,-13.4
Chris Dargis,No,Illinois,Representative,8,Fully accepted,Shaw Local News Network,https://www.shawlocal.com/news/election/2022/04/30/chris-dargis-congress-8th-district-2022-primary-election-questionnaire/,,Not Elected,Biden,-13.4
"Maxwell ""Max"" Rice",No,Illinois,Representative,9,Avoided answering,Email to FiveThirtyEight,,,Not Elected,Biden,-13.4
Joseph Severino,No,Illinois,Representative,10,No comment,,,,Not Elected,Biden,-13.4
Catalina Lauf,No,Illinois,Representative,11,Accepted with reservations,The Daily Herald,https://www.dailyherald.com/news/20220528/catalina-lauf-2022-candidate-for-11th-congressional-district,,Not Elected,Biden,-13.4
Mike Bost,Yes,Illinois,Representative,12,Fully denied,Congressional roll call,https://clerk.house.gov/Votes/202111?Date=01%2F07%2F2021,,Elected,Biden,-13.4
Regan Deering,No,Illinois,Representative,13,Accepted with reservations,The State Journal-Register,https://www.sj-r.com/story/news/politics/elections/state/2022/06/08/13-th-congressional-district-hopefuls-discuss-economy-springfield-forum/10004515002/,,Not Elected,Biden,-13.4
Scott R. Gryder,No,Illinois,Representative,14,Fully accepted,Email to FiveThirtyEight,,,Not Elected,Biden,-13.4
Mary Miller,Yes,Illinois,Representative,15,Fully denied,Congressional roll call,https://clerk.house.gov/Votes/202111?Date=01%2F07%2F2021,,Elected,Biden,-13.4
Darin LaHood,Yes,Illinois,Representative,16,Accepted with reservations,"Supreme Court amicus brief, congressional roll call",https://clerk.house.gov/Votes/202110?Date=01%2F06%2F2021,,Elected,Biden,-13.4
Esther Joy King,No,Illinois,Representative,17,No comment,,,,Not Elected,Biden,-13.4
Darren Bailey,No,Illinois,Governor,N/A,Raised questions,Twitter,https://archive.ph/wip/0It5S,,Not Elected,Biden,-13.4
Thomas G. DeVore,No,Illinois,Attorney general,N/A,Accepted with reservations,Chicago Sun-Times,https://chicago.suntimes.com/elections/2022/6/15/23170297/illinois-attorney-general-primary-republican-tom-devore-steve-kim-david-shestokas-kwame-raoul,,Not Elected,Biden,-13.4
Dan Brady,No,Illinois,Secretary of state,N/A,Accepted with reservations,"Email to FiveThirtyEight, Chicago Tribune",https://www.chicagotribune.com/politics/ct-illinois-secretary-of-state-republican-primary-20220609-yxqvsfxg4vd35gy6y7wnknrp54-story.html,,Not Elected,Biden,-13.4
Todd Young,Yes,Indiana,Senator,N/A,Fully accepted,Congressional roll call,https://www.senate.gov/legislative/LIS/roll_call_votes/vote1171/vote_117_1_00001.htm,,Elected ,Trump ,20
Jennifer-Ruth Green,No,Indiana,Representative,1,No comment,,,,Not Elected,Trump ,20
Rudolph Yakym,No,Indiana,Representative,2,No comment,,,,Elected,Trump ,20
Jim Banks,Yes,Indiana,Representative,3,Accepted with reservations,"PBS, The Daily Beast, congressional roll call",https://www.pbs.org/newshour/show/rep-banks-on-republican-opposition-to-the-jan-6-committees-findings,,Elected ,Trump ,20
Jim Baird,Yes,Indiana,Representative,4,Fully denied,Congressional roll call,https://clerk.house.gov/Votes/202110?Date=01%2F06%2F2021,,Elected ,Trump ,20
Victoria Spartz,Yes,Indiana,Representative,5,Fully accepted,Congressional roll call,https://clerk.house.gov/Votes/202110?Date=01%2F06%2F2022 ,,Elected ,Trump ,20
Greg Pence,Yes,Indiana,Representative,6,Fully denied,Congressional roll call,https://clerk.house.gov/Votes/202110?Date=01%2F06%2F2022 ,,Elected,Trump ,20
Angela Grabovsky,No,Indiana,Representative,7,No comment,,,,Not Elected,Trump ,20
Larry D. Bucshon,Yes,Indiana,Representative,8,Fully accepted,"Courier & Press, congressional roll call",https://www.courierpress.com/story/news/2021/01/07/where-rep-larry-bucshon-during-capitol-building-threat/6580793002/,,Elected ,Trump ,20
Erin Houchin,No,Indiana,Representative,9,Raised questions,The Statehouse File,https://www.thestatehousefile.com/politics/elections/end-of-legislative-session-kills-bill-aimed-at-changing-absentee-voting-rules/article_c38e2211-e224-5cc2-b3a1-5ab85835748c.html,,Elected,Trump ,20
Diego Morales,No,Indiana,Secretary of state,N/A,Accepted with reservations,Indianapolis Business Journal,https://www.ibj.com/articles/hot-race-for-secretary-of-state-to-enliven-gop-state-convention,,Elected ,Trump ,20
Chuck Grassley,Yes,Iowa,Senator,N/A,Fully accepted,"Congressional roll call, Associated Press",https://apnews.com/article/donald-trump-united-states-kim-reynolds-des-moines-election-2020-e9f1f5ab60821499554b57dfc8cab778,,Elected,Trump ,9.7
Mariannette Miller-Meeks,Yes,Iowa,Representative,1,Accepted with reservations,"Congressional roll call, Miller-Meeks press",https://millermeeks.house.gov/media/press-releases/miller-meeks-statement-certification-electoral-college,,Elected,Trump ,9.7
Ashley Hinson,Yes,Iowa,Representative,2,Fully accepted,"Congressional roll call, email to FiveThirtyEight",https://archive.ph/yBUQE,,Elected,Trump ,9.7
Zach Nunn,No,Iowa,Representative,3,No comment,,,,Elected ,Trump ,9.7
Randy Feenstra,Yes,Iowa,Representative,4,Accepted with reservations,"Congressional roll call, Feenstra press, The Gazette",https://www.thegazette.com/government-politics/iowa-gop-leaders-acknowledge-biden-win/,,Elected,Trump ,9.7
Kim Reynolds,Yes,Iowa,Governor,N/A,Accepted with reservations,Iowa Public Radio,https://www.iowapublicradio.org/political-news/2021-01-07/reynolds-condemns-u-s-capitol-violence-does-not-condemn-false-claims-of-election-fraud,,Elected ,Trump ,9.7
Brenna Bird,No,Iowa,Attorney general,N/A,No comment,,,,Elected,Trump ,9.7
Paul D. Pate,Yes,Iowa,Secretary of state,N/A,Fully accepted,Des Moines Register,https://www.desmoinesregister.com/story/news/politics/2022/09/17/iowa-secretary-state-candidates-paul-pate-joel-miller-debate-election-integrity-2022/10399725002/,,Elected,Trump ,9.7
Jerry Moran,Yes,Kansas,Senator,N/A,Fully accepted,Kansas Reflector,https://kansasreflector.com/2020/11/24/u-s-sen-moran-trump-administation-needs-to-offer-transition-briefings-to-biden/,,Elected,Trump ,20.7
Tracey Mann,Yes,Kansas,Representative,1,Fully denied,"Twitter, congressional roll call",https://archive.ph/Orvc1,,Elected,Trump ,20.7
Jake LaTurner,Yes,Kansas,Representative,2,Fully denied,Congressional roll call,https://clerk.house.gov/Votes/202111?Date=01%2F07%2F2021,,Elected,Trump ,20.7
Amanda L. Adkins,No,Kansas,Representative,3,Fully accepted,"KCUR-FM (Kansas City, Mo.)",https://www.kcur.org/podcast/kansas-city-today/2022-09-07/kansas-congressional-candidate-amanda-adkins,,Not Elected,Trump ,20.7
Ron Estes,Yes,Kansas,Representative,4,Fully denied,"Congressional roll call, Supreme Court amicus brief",https://clerk.house.gov/Votes/202111?Date=01%2F07%2F2021,,Elected,Trump ,20.7
Derek Schmidt,No,Kansas,Governor,N/A,Raised questions,"Supreme Court amicus brief, Kansas Reflector",https://kansasreflector.com/2022/03/02/derek-schmidt-embraces-integrity-of-kansas-elections-in-audio-clip-from-gop-forum/,,Not Elected,Trump ,20.7
Kris Kobach,No,Kansas,Attorney general,N/A,Fully denied,Kansas Reflector,https://kansasreflector.com/2022/05/31/kris-kobach-files-as-candidate-for-kansas-attorney-general-in-three-candidate-gop-primary/,,Elected ,Trump ,20.7
Scott J. Schwab,Yes,Kansas,Secretary of state,N/A,Fully accepted,Kansas Reflector,https://kansasreflector.com/2020/11/09/as-other-republicans-lied-about-voter-fraud-kansas-secretary-of-state-was-a-voice-of-sanity/,,Elected,Trump ,20.7
Rand Paul,Yes,Kentucky,Senator,N/A,Accepted with reservations,"ABC News, congressional roll call",https://abcnews.go.com/Politics/sen-rand-paul-continues-making-false-claims-2020/story?id=75446712,,Elected,Trump ,27.1
James R. Comer,Yes,Kentucky,Representative,1,Accepted with reservations,"Twitter, congressional roll call",https://twitter.com/repjamescomer/status/1331752181494648832,,Elected ,Trump ,27.1
S. Brett Guthrie,Yes,Kentucky,Representative,2,Fully accepted,Congressional roll call,https://clerk.house.gov/Votes/202110?Date=01%2F06%2F2022 ,,Elected ,Trump ,27.1
Stuart N. Ray,No,Kentucky,Representative,3,Accepted with reservations,Email to FiveThirtyEight,,,Not Elected,Trump ,27.1
Thomas Massie,Yes,Kentucky,Representative,4,Accepted with reservations,Louisville Courier Journal,https://www.courier-journal.com/story/news/politics/2021/01/03/thomas-massie-congress-has-no-authority-influence-election-outcome/4120557001/,,Elected,Trump ,27.1
"Harold ""Hal"" Rogers",Yes,Kentucky,Representative,5,Fully denied,Congressional roll call,https://clerk.house.gov/Votes/202110?Date=01%2F06%2F2022 ,,Elected ,Trump ,27.1
Andy Barr,Yes,Kentucky,Representative,6,Accepted with reservations,Congressional roll call,https://archive.ph/b1O7G,,Elected ,Trump ,27.1
John Kennedy,Yes,Louisiana,Senator,N/A,Raised questions,"WWL-TV (New Orleans, La.)",https://www.wwltv.com/article/news/politics/sen-kennedy-says-he-refused-gop-calls-to-overturn-bidens-win-over-trump/289-48e00f9f-33ab-4e0d-bb7c-d0e1e4691152,,Elected ,Trump ,20.5
Steve Scalise,Yes,Louisiana,Representative,1,Fully denied,Congressional roll call,https://clerk.house.gov/Votes/202110?Date=01%2F06%2F2021,,Elected ,Trump ,20.5
Dan Lux,No,Louisiana,Representative,2,Raised questions,Email to FiveThirtyEight,,,Not Elected,Trump ,20.5
Clay Higgins,Yes,Louisiana,Representative,3,Fully denied,Congressional roll call,https://clerk.house.gov/Votes/202110?Date=01%2F06%2F2021,,Elected,Trump ,20.5
"""Mike"" Johnson",Yes,Louisiana,Representative,4,Fully denied,Congressional roll call,https://clerk.house.gov/Votes/202110?Date=01%2F06%2F2021,,Elected ,Trump ,20.5
Julia Letlow,Yes,Louisiana,Representative,5,No comment,,,,Elected,Trump ,20.5
Garret Graves,Yes,Louisiana,Representative,6,Fully denied,Congressional roll call,https://clerk.house.gov/Votes/202111?Date=01%2F06%2F2021,,Elected ,Trump ,20.5
Edwin Thelander,No,Maine,Representative,1,Raised questions,Campaign website,https://archive.ph/2022.05.31-153102/https:/thelanderforcongress.com/issues/,,Not Elected,Biden,-4
Bruce Poliquin,No,Maine,Representative,2,Avoided answering,Maine Public,https://www.mainepublic.org/politics/2022-03-09/bruce-poliquin-wont-say-that-joe-biden-legitimately-won-the-2020-election,,Not Elected,Biden,-4
Paul R. LePage,No,Maine,Governor,N/A,Raised questions,New England Cable News,https://www.necn.com/news/local/lepage-makes-claims-of-voter-fraud-without-firm-evidence-in-push-for-voter-id-laws/2711971/,,Not Elected,Biden,-4
Chris Chaffee,No,Maryland,Senator,N/A,Fully denied,"Facebook, Twitter",https://www.facebook.com/ChrisChaffeeforSENATE/posts/pfbid05e6mSczjRgWRnPB4tQPsQSM9F5jAvASCVb8JqT4STT74naH3o6nnh4BX2EG4JsKWl,,Not Elected,Biden,-25.9
Andy Harris,Yes,Maryland,Representative,1,Fully denied,"Congressional roll call, The Star Democrat",https://www.stardem.com/news/national/andy-harris-still-backs-election-audits-investigations-as-other-republicans-pull-back-after-capitol-lockdowns/article_5c121a78-5177-5742-8c0d-0824854c8a6e.html,,Elected ,Biden,-25.9
Nicolee Ambrose,No,Maryland,Representative,2,Raised questions,Maryland Republican Party Newsletter,,,Not Elected,Biden,-25.9
Yuripzy Morgan,No,Maryland,Representative,3,No comment,,,,Not Elected,Biden,-25.9
Jeff Warner,No,Maryland,Representative,4,No comment,,,,Not Elected,Biden,-25.9
Chris Palombi,No,Maryland,Representative,5,Raised questions,Facebook,https://www.facebook.com/PalombiForCongress/posts/pfbid02kMEufqwMR8AvmCHLNPwcwfnw22Dr5f3keGWg4ejNAZs7xhztH3Vh1cZbgCvwSAV1l,,Not Elected,Biden,-25.9
Neil C. Parrott,No,Maryland,Representative,6,Fully accepted,The Washington Post,https://www.washingtonpost.com/opinions/2022/07/10/maryland-6th-district-primary-endorsement-2022/,,Not Elected,Biden,-25.9
Scott M. Collier,No,Maryland,Representative,7,Fully denied,"Facebook, YouTube",https://www.youtube.com/watch?v=2uXUAbKW6oQ,,Not Elected,Biden,-25.9
Gregory Thomas Coll,No,Maryland,Representative,8,No comment,,,,Not Elected,Biden,-25.9
Dan Cox,No,Maryland,Governor,N/A,Fully denied,Facebook,https://archive.ph/kS4qU,,Not Elected,Biden,-25.9
Michael Anthony Peroutka,No,Maryland,Attorney general,N/A,Raised questions,Campaign video,https://patriots4peroutka.com/blogs/attorney-general-info/what-would-you-do-about-election-integrity-as-attorney-general-of-maryland,,Not Elected,Biden,-25.9
Dean James Martilli,No,Massachusetts,Representative,1,No comment,,,,Not Elected,Biden,-32.6
Jeffrey A. Sossa-Paquette,No,Massachusetts,Representative,2,Fully accepted,Email to ABC News,,,Not Elected,Biden,-32.6
Dean A. Tran,No,Massachusetts,Representative,3,No comment,,,,Not Elected,Biden,-32.6
Caroline Colarusso,No,Massachusetts,Representative,5,Fully denied,Boston Herald,https://www.bostonherald.com/2020/12/08/former-gop-candidates-sue-massachusetts-seeking-to-throw-out-millions-of-mail-in-early-ballots/,,Not Elected,Biden,-32.6
Bob May,No,Massachusetts,Representative,6,No comment,,,,Not Elected,Biden,-32.6
Donnie Dionicio Palmer Jr.,No,Massachusetts,Representative,7,Fully denied,Twitter,https://archive.ph/wip/dIFA0,,Not Elected,Biden,-32.6
Robert G. Burke,No,Massachusetts,Representative,8,No comment,,,,Not Elected,Biden,-32.6
Jesse G. Brown,No,Massachusetts,Representative,9,No comment,,,,Not Elected,Biden,-32.6
Geoff Diehl,No,Massachusetts,Governor,N/A,Fully denied,WGBH-TV (Boston),https://www.wgbh.org/news/politics/2022/08/09/what-the-republican-candidates-for-governor-said-then-and-how-its-going-now,,Not Elected,Biden,-32.6
James R. McMahon III,No,Massachusetts,Attorney general,N/A,No comment,,,,Not Elected,Biden,-32.6
Rayla Campbell,No,Massachusetts,Secretary of state,N/A,Avoided answering,Email to ABC News,,,Not Elected,Biden,-32.6
Jack Bergman,Yes,Michigan,Representative,1,Fully denied,"Traverse City Record Eagle, congressional roll call",https://www.record-eagle.com/news/u-s-rep-jack-bergman-helped-schedule-antrim-lawsuit-forensic-team/article_05fa99c2-bce4-11ec-b878-fbe5ef329f7f.html,,Elected,Biden,1.6
John Moolenaar,Yes,Michigan,Representative,2,Accepted with reservations,"Manistee News Advocate, congressional roll call",https://www.manisteenews.com/news/article/Moolenaar-Norton-contend-for-Michigan-s-2nd-17320482.php,,Elected,Biden,1.6
John Gibbs,No,Michigan,Representative,3,Raised questions,CNN,https://www.cnn.com/2022/06/30/politics/fact-check-john-gibbs-michigan-mathematically-impossible/index.html,,Not Elected,Biden,1.6
Bill Huizenga,Yes,Michigan,Representative,4,Accepted with reservations,"Michigan Live, Supreme Court amicus brief",https://www.mlive.com/politics/2021/01/michigan-gop-congressman-dispels-election-myths-from-constituents-asking-to-oppose-bidens-win.html,,Elected,Biden,1.6
Tim Walberg,Yes,Michigan,Representative,5,Fully denied,"Walberg press, congressional roll call",https://walberg.house.gov/media/press-releases/michigan-republicans-secretary-state-benson-michigans-voter-rolls-need-be,,Elected,Biden,1.6
Whittney Williams,No,Michigan,Representative,6,No comment,,,,Not Elected,Biden,1.6
Tom Barrett,No,Michigan,Representative,7,Raised questions,Detroit Free Press,https://www.freep.com/story/news/politics/elections/2022/09/27/elissa-slotkin-tom-barrett-7th-congressional-district/69509887007/,Previously accepted with reservations,Not Elected,Biden,1.6
Paul Junge,No,Michigan,Representative,8,Fully accepted,The Detroit News,https://www.detroitnews.com/story/news/politics/2022/08/02/paul-junge-matt-seely-miller-michigan-republican-8th-district-primary-congress-kildee/10186005002/,,Not Elected,Biden,1.6
Lisa McClain,Yes,Michigan,Representative,9,Fully denied,"CNN, congressional roll call",https://www.cnn.com/2022/04/04/politics/fact-check-lisa-mcclain-trump-rally-bin-laden-unemployment-wars-biden,,Not Elected,Biden,1.6
John James,No,Michigan,Representative,10,Raised questions,"Michigan Live, Twitter",https://www.mlive.com/politics/2020/11/john-james-casts-doubt-on-michigan-election-integrity-as-state-board-certifies-result.html,,Elected ,Biden,1.6
Mark Ambrose,No,Michigan,Representative,11,Fully accepted,Downtown Newsmagazine,https://www.downtownpublications.com/single-post/u-s-congress-11th-district-republican,,Not Elected,Biden,1.6
Steven Elliott,No,Michigan,Representative,12,No comment,,,,Not Elected,Biden,1.6
Martell D. Bivings,No,Michigan,Representative,13,Fully accepted,Axios,https://www.axios.com/local/detroit/2022/08/08/detroits-last-chance-black-representation,,Not Elected,Biden,1.6
Tudor M. Dixon,No,Michigan,Governor,N/A,Fully denied,"Detroit Free Press, PBS",https://www.freep.com/story/news/politics/elections/2022/07/31/tudor-dixon-shifts-position-stolen-election-fox-tv/10195890002/,,Not Elected,Biden,1.6
Matthew DePerno,No,Michigan,Attorney general,N/A,Fully denied,Michigan Live,https://www.mlive.com/public-interest/2021/07/attorney-accused-of-pushing-false-election-fraud-claims-wants-to-be-michigans-next-attorney-general.html,,Not Elected,Biden,1.6
Kristina Karamo,No,Michigan,Secretary of state,N/A,Fully denied,Detroit Free Press,https://www.freep.com/story/news/politics/2022/05/06/michigan-republican-secretary-state-picks-false-election-claims/9661591002/,,Not Elected,Biden,1.6
Brad Finstad,Yes,Minnesota,Representative,1,Fully accepted,MPR News,https://www.mprnews.org/story/2022/04/29/republicans-battle-to-fill-remainder-of-hagedorn-term,,Elected,Biden,-1.9
Tyler Kistner,No,Minnesota,Representative,2,Fully accepted,Email to FiveThirtyEight,,,Not Elected,Biden,-1.9
Tom Weiler,No,Minnesota,Representative,3,No comment,,,,Not Elected,Biden,-1.9
May Lor Xiong,No,Minnesota,Representative,4,No comment,,,,Not Elected,Biden,-1.9
Cicely Davis,No,Minnesota,Representative,5,No comment,,,,Not Elected,Biden,-1.9
Tom Emmer,Yes,Minnesota,Representative,6,Accepted with reservations,"Congressional roll call, Star Tribune",https://clerk.house.gov/Votes/202111?Date=01%2F07%2F2021,,Elected ,Biden,-1.9
Michelle Fischbach,Yes,Minnesota,Representative,7,Fully denied,Congressional roll call,https://clerk.house.gov/Votes/202110?Date=01%2F06%2F2021,,Elected,Biden,-1.9
Pete Stauber,Yes,Minnesota,Representative,8,Accepted with reservations,"Congressional roll call, Duluth News Tribune",https://clerk.house.gov/Votes/202111?Date=01%2F07%2F2021,,Elected ,Biden,-1.9
Scott Jensen,No,Minnesota,Governor,N/A,Avoided answering,Minnesota Reformer,https://minnesotareformer.com/2021/12/20/5-gop-gubernatorial-candidates-avoid-saying-biden-won-the-presidency/,,Not Elected,Biden,-1.9
Jim Schultz,No,Minnesota,Attorney general,N/A,No comment,,,,Not Elected,Biden,-1.9
Kim Crockett,No,Minnesota,Secretary of state,N/A,Fully denied,Minnesota Reformer,https://minnesotareformer.com/2022/05/25/minnesota-gop-endorses-election-denier-to-oversee-elections/,,Not Elected,Biden,-1.9
Trent Kelly,Yes,Mississippi,Representative,1,Fully denied,"WLOX (Biloxi, Miss.), congressional roll call",https://www.wlox.com/2021/01/07/three-four-miss-congressmen-voted-challenge-presidential-election/,,Elected ,Trump ,20.3
Brian Flowers,No,Mississippi,Representative,2,Fully denied,"WLOX (Biloxi, Miss.)",https://www.wlox.com/2020/11/08/trump-supporters-protest-jackson-stop-steal-presidential-election/,,Not Elected,Trump ,20.3
Michael Guest,Yes,Mississippi,Representative,3,Accepted with reservations,"WLBT (Jackson, Miss.)",https://www.wlbt.com/2021/02/04/conversation-michael-guest-talks-trump-impeachment-marjorie-taylor-greene/,,Elected,Trump ,20.3
Mike Ezell,No,Mississippi,Representative,4,No comment,,,,Elected ,Trump ,20.3
Eric Schmitt,No,Missouri,Senator,N/A,Fully denied,"Missouri Independent, Supreme Court amicus brief",https://missouriindependent.com/2021/09/20/the-big-lie-remains-a-big-part-of-missouri-u-s-senate-race/,,Elected,Trump ,21.2
Andrew Jones,No,Missouri,Representative,1,No comment,,,,Not Elected,Trump ,21.2
Ann Wagner,Yes,Missouri,Representative,2,Fully accepted,St. Louis Post-Dispatch,https://www.stltoday.com/news/local/govt-and-politics/u-s-rep-ann-wagner-breaks-with-other-missouri-republicans-contesting-election-results/article_7d978551-bb1f-566d-8930-8bf8b964b187.html,,Elected,Trump ,21.2
Blaine Luetkemeyer,Yes,Missouri,Representative,3,Fully denied,"Luetkemeyer press, congressional roll call ",https://luetkemeyer.house.gov/news/documentsingle.aspx?DocumentID=400453,,Elected ,Trump ,21.2
Mark Alford,No,Missouri,Representative,4,Raised questions,"Campaign website, KMIZ (Columbia, Mo.)",https://abc17news.com/news/2022/07/15/fourth-district-candidate-interviews-mark-alford/,,Elected,Trump ,21.2
Jacob Turk,No,Missouri,Representative,5,Raised questions,Twitter,https://drive.google.com/file/d/1o4YSOa9vy2wS6tWEFs8bZpVgqw_7ITRE/view,,Not Elected,Trump ,21.2
Sam Graves,Yes,Missouri,Representative,6,Fully denied,"Twitter, congressional roll call ",https://archive.ph/ChXMm,,Elected,Trump ,21.2
Eric Burlison,No,Missouri,Representative,7,Raised questions,Facebook,https://drive.google.com/file/d/11ssVm7fEuT8zt_uhIKCp2TQc9fzA-6vy/view,,Elected ,Trump ,21.2
Jason Smith,Yes,Missouri,Representative,8,Fully denied,"Smith press, congressional roll call",https://jasonsmith.house.gov/newsroom/documentsingle.aspx?DocumentID=3254,,Elected ,Trump ,21.2
Ryan K. Zinke,No,Montana,Representative,1,Raised questions,Billings Gazette,https://billingsgazette.com/western-gop-hopefuls-weigh-in-on-elections/article_b7a30eb4-d288-5a43-9ada-c3675e3d73ef.html,,Elected ,Trump ,20
Matt Rosendale,Yes,Montana,Representative,2,Fully denied,"Congressional roll call, Associated Press",https://apnews.com/article/donald-trump-matt-rosendale-elections-montana-electoral-college-8e6e3fbf0a9e5121a1be357cebff89c9,,Elected,Trump ,20
Mike Flood,Yes,Nebraska,Representative,1,No comment,,,,Elected,Trump ,24.8
Don Bacon,Yes,Nebraska,Representative,2,Fully accepted,"Nebraska Public Media, congressional roll call",https://nebraskapublicmedia.org/de/news/news-articles/rep-don-bacon-on-jan-6-storming-of-capitol-what-happened-that-day-was-wrong/,,Elected ,Trump ,24.8
Adrian Smith,Yes,Nebraska,Representative,3,Accepted with reservations,"Omaha World-Herald, congressional roll call",https://archive.ph/JdM2k,,Elected ,Trump ,24.8
Jim Pillen,No,Nebraska,Governor,N/A,Fully accepted,Omaha World-Herald,https://archive.ph/6s4lW,,Elected ,Trump ,24.8
Mike Hilgers,No,Nebraska,Attorney general,N/A,No comment,,,,Elected ,Trump ,24.8
Bob Evnen,Yes,Nebraska,Secretary of state,N/A,Fully accepted,"The Grand Island Independent, The Nebraska Examiner ",https://archive.ph/CkBmm,,Elected ,Trump ,24.8
Adam Paul Laxalt,No,Nevada,Senator,N/A,Fully denied,Nevada Globe,https://thenevadaglobe.com/congress/in-first-debate-sam-brown-swings-at-laxalt-and-mostly-misses/,,Not Elected,Biden,2.5
Mark Robertson,No,Nevada,Representative,1,Accepted with reservations,Email to FiveThirtyEight,,,Not Elected,Biden,2.5
Mark E. Amodei,Yes,Nevada,Representative,2,Accepted with reservations,"Las Vegas Sun, congressional roll call",https://lasvegassun.com/news/2022/may/11/amodei-faces-stern-challenge-from-perennial-candid/,,Elected ,Biden,2.5
April Becker,No,Nevada,Representative,3,Fully denied,Nevada Independent,https://thenevadaindependent.com/article/2020-election-fraud-conspiracy-theories-remain-central-to-many-republican-campaigns,,Not Elected,Biden,2.5
Sam Peters,No,Nevada,Representative,4,Fully denied,New York Times,https://www.nytimes.com/2021/06/07/us/politics/republican-election-fraud-claims.html,,Not Elected,Biden,2.5
Joe Lombardo,No,Nevada,Governor,N/A,Raised questions,Daily Beast,https://www.thedailybeast.com/gop-candidates-bill-mcswain-and-joe-lombardo-are-boosting-trumps-election-lie,,Elected ,Biden,2.5
Sigal Chattah,No,Nevada,Attorney general,N/A,Accepted with reservations,Email to FiveThirtyEight,,Previously raised questions,Not Elected,Biden,2.5
Jim Marchant,No,Nevada,Secretary of state,N/A,Fully denied,Nevada Independent,https://thenevadaindependent.com/article/in-debates-secretary-of-state-candidates-cast-wildly-different-visions,,Not Elected,Biden,2.5
Donald C. Bolduc,No,New Hampshire,Senator,N/A,Accepted with reservations,Fox News,https://www.foxnews.com/media/new-hampshires-bolduc-backtracks-statements-2020-election-stolen-ahead-midterms,Previously fully denied election,Not Elected,Biden,-0.3
Karoline Leavitt,No,New Hampshire,Representative,1,Fully denied,"WMUR-TV (Manchester, N.H.)",https://www.wmur.com/article/nh-primary-source-leavitt-mowers-huff-brown-respond-to-baxters-challenge-to-support-election-audit/37798054,,Not Elected,Biden,-0.3
Robert Burns,No,New Hampshire,Representative,2,Accepted with reservations,New Hampshire Union Leader,https://sports.yahoo.com/2nd-cd-gop-candidates-spar-225400476.html,,Not Elected,Biden,-0.3
Chris Sununu,Yes,New Hampshire,Governor,N/A,Fully accepted,Email to FiveThirtyEight,,,Elected ,Biden,-0.3
Claire Gustafson,No,New Jersey,Representative,1,No comment,,,,Not Elected,Biden,-12
Jeff Van Drew,Yes,New Jersey,Representative,2,Accepted with reservations,NJ.com,https://www.nj.com/politics/2021/01/nj-rep-van-drew-who-sought-to-overturn-the-election-acknowledges-biden-was-duly-elected.html,,Elected ,Biden,-12
Bob Healey,No,New Jersey,Representative,3,Fully accepted,Email to FiveThirtyEight,,,Not Elected,Biden,-12
Christopher H. Smith,Yes,New Jersey,Representative,4,Accepted with reservations,New Jersey Globe,https://newjerseyglobe.com/congress/chris-smith-votes-to-certify-results-of-2020-presidential-election/,,Elected,Biden,-12
Frank T. Pallotta,No,New Jersey,Representative,5,No comment,,,,Not Elected,Biden,-12
Susan M. Kiley,No,New Jersey,Representative,6,No comment,,,,Not Elected,Biden,-12
Thomas H. Kean Jr.,No,New Jersey,Representative,7,No comment,,,,Elected ,Biden,-12
Marcos Arroyo,No,New Jersey,Representative,8,No comment,,,,Not Elected,Biden,-12
Billy Prempeh,No,New Jersey,Representative,9,Raised questions,Twitter,https://archive.ph/3f5YN,,Not Elected,Biden,-12
David H. Pinckney,No,New Jersey,Representative,10,No comment,,,,Not Elected,Biden,-12
Paul DeGroot,No,New Jersey,Representative,11,Raised questions,Facebook,https://archive.ph/XWrJT,,Not Elected,Biden,-12
Darius Mayfield,No,New Jersey,Representative,12,Fully denied,"Twitter, email to FiveThirtyEight",https://archive.ph/OfP03,,Not Elected,Biden,-12
Michelle Garcia Holmes,No,New Mexico,Representative,1,Raised questions,Twitter,https://archive.ph/xJu6G,,Not Elected,Biden,-7
Yvette Herrell,Yes,New Mexico,Representative,2,Fully denied,Congressional roll call,https://clerk.house.gov/Votes/202110?Date=01%2F06%2F2021,,Not Elected,Biden,-7
Alexis Martinez Johnson,No,New Mexico,Representative,3,No comment,,,,Not Elected,Biden,-7
Mark V. Ronchetti,No,New Mexico,Governor,N/A,Avoided answering,Carlsbad Current Angus,https://www.currentargus.com/story/opinion/columnists/2022/06/15/ronchetti-race-shows-trump-loyalty-is-a-smaller-factor-in-new-mexico/65361144007/,,Not Elected,Biden,-7
Jeremy Michael Gay,No,New Mexico,Attorney general,N/A,No comment,,,,Not Elected,Biden,-7
Audrey Trujillo,No,New Mexico,Secretary of state,N/A,Fully denied,"Facebook, Source NM",https://sourcenm.com/2022/10/04/experts-alarmed-by-gop-secretary-of-state-candidates-conspiracy-theorizing-in-nm/,,Not Elected,Biden,-7
Joe Pinion,No,New York,Senator,N/A,Fully accepted,Email to FiveThirtyEight,,,Not Elected,Biden,-20
Nicholas J. LaLota,No,New York,Representative,1,Raised questions,Campaign website,https://archive.ph/wip/FhFRy,,Elected ,Biden,-20
Andrew R. Garbarino,Yes,New York,Representative,2,Fully accepted,Congressional roll call,https://clerk.house.gov/Votes/202110?Date=01%2F06%2F2021,,Elected,Biden,-20
George A.D. Santos,No,New York,Representative,3,Fully denied,Twitter,https://web.archive.org/web/20201109063947/https://twitter.com/Santos4Congress,,Elected ,Biden,-20
Anthony P. D'Esposito,No,New York,Representative,4,Fully accepted,Email to FiveThirtyEight,,,Elected,Biden,-20
Paul King,No,New York,Representative,5,Accepted with reservations,Email to FiveThirtyEight,,,Not Elected,Biden,-20
Tom Zmich,No,New York,Representative,6,Raised questions,Twitter,https://archive.ph/LP9FK,,Not Elected,Biden,-20
Juan Pagan,No,New York,Representative,7,No comment,,,,Not Elected,Biden,-20
Yuri Dashevsky,No,New York,Representative,8,No comment,,,,Not Elected,Biden,-20
Benine Hamdan,No,New York,Representative,10,Raised questions,Twitter,https://archive.ph/wip/p7NpC,,Not Elected,Biden,-20
Nicole Malliotakis,Yes,New York,Representative,11,Fully denied,Congressional roll call,https://clerk.house.gov/Votes/202110?Date=01%2F06%2F2021,,Elected,Biden,-20
Michael Zumbluskas,No,New York,Representative,12,Accepted with reservations,Email to FiveThirtyEight,,,Not Elected,Biden,-20
Tina Forte,No,New York,Representative,14,Fully denied,Snopes,https://www.snopes.com/news/2021/08/25/tina-forte-capitol-riot/,,Not Elected,Biden,-20
Stylo A. Sapaskis,No,New York,Representative,15,No comment,,,,Not Elected,Biden,-20
Miriam L. Flisser,No,New York,Representative,16,Avoided answering,The Scarsdale Inquirer,https://www.scarsdalenews.com/top_stories/former-scarsdale-mayor-running-for-congress-updated/article_5ab95340-1fb8-11ed-a76d-cb19eef1ac95.html,,Not Elected,Biden,-20
Michael V. Lawler,No,New York,Representative,17,Fully accepted,Email to FiveThirtyEight,,,Elected ,Biden,-20
Colin J. Schmitt,No,New York,Representative,18,Avoided answering,City & State New York,https://www.cityandstateny.com/politics/2021/04/can-a-trump-republican-unseat-maloney/182977/,,Not Elected,Biden,-20
Marcus Molinaro,No,New York,Representative,19,No comment,,,,Elected,Biden,-20
Elizabeth L. Joy,No,New York,Representative,20,Fully denied,Twitter,https://archive.ph/wip/X0SUF,,Not Elected,Biden,-20
Elise M. Stefanik,Yes,New York,Representative,21,Fully denied,Congressional roll call,https://clerk.house.gov/Votes/202111?Date=01%2F06%2F2021,,Elected,Biden,-20
Brandon M. Williams,No,New York,Representative,22,Accepted with reservations,"Syracuse.com, email to FiveThirtyEight",https://www.syracuse.com/politics/2022/07/cny-race-for-congress-steve-wells-ducks-trump-talk-while-opponent-embraces-ex-prez.html,,Elected,Biden,-20
Nick Langworthy,No,New York,Representative,23,No comment,,,,Elected ,Biden,-20
Claudia Tenney,Yes,New York,Representative,24,Raised questions,"WRVO (Oswego, N.Y.)",https://www.wrvo.org/politics-and-government/2021-02-24/tenney-on-trump-capitol-attack-certifying-presidential-election-i-wouldve-been-torn,,Elected ,Biden,-20
La'Ron D. Singletary,No,New York,Representative,25,No comment,,,,Not Elected,Biden,-20
Steven L. Sams II,No,New York,Representative,26,No comment,,,,Not Elected,Biden,-20
Lee M. Zeldin,No,New York,Governor,N/A,Accepted with reservations,"Politico, congressional roll call",https://www.politico.com/news/2021/03/18/lee-zeldin-biden-election-playbook-interview-476949,,Not Elected,Biden,-20
Michael Henry,No,New York,Attorney general,N/A,Fully accepted,Email to FiveThirtyEight,,,Not Elected,Biden,-20
Ted Budd,No,North Carolina,Senator,N/A,Accepted with reservations,Associated Press,https://apnews.com/article/joe-biden-donald-trump-senate-elections-north-carolina-elections-7110a31accb16a56f104cd5ceb3cb364,,Elected ,Trump ,4.8
Sandy Smith,No,North Carolina,Representative,1,Fully denied,Twitter,https://archive.ph/4JJLr,,Not Elected,Trump ,4.8
Christine E. Villaverde,No,North Carolina,Representative,2,Raised questions,Carolina Coast Online,https://www.carolinacoastonline.com/regional/article_3efde07e-c22c-11ec-b674-cbea7f88af15.html,,Not Elected,Trump ,4.8
Greg Murphy,Yes,North Carolina,Representative,3,Fully denied,Congressional roll call,https://clerk.house.gov/Votes/202111?Date=01%2F06%2F2021,,Elected ,Trump ,4.8
Courtney Geels,No,North Carolina,Representative,4,Raised questions,Twitter,https://archive.ph/CelhH,,Not Elected,Trump ,4.8
Virginia Foxx,Yes,North Carolina,Representative,5,Fully denied,Congressional roll call,https://clerk.house.gov/Votes/202111?Date=01%2F06%2F2021,,Elected,Trump ,4.8
Christian Castelli,No,North Carolina,Representative,6,No comment,,,,Not Elected,Trump ,4.8
David Rouzer,Yes,North Carolina,Representative,7,Fully denied,Congressional roll call,https://clerk.house.gov/Votes/202110?Date=01%2F06%2F2021,,Elected ,Trump ,4.8
Dan Bishop,Yes,North Carolina,Representative,8,Fully denied,Congressional roll call,https://clerk.house.gov/Votes/202110?Date=01%2F06%2F2021,,Elected,Trump ,4.8
Richard Hudson,Yes,North Carolina,Representative,9,Fully denied,Congressional roll call,https://clerk.house.gov/Votes/202110?Date=01%2F06%2F2021,,Elected,Trump ,4.8
Patrick McHenry,Yes,North Carolina,Representative,10,Fully accepted,Congressional roll call,https://clerk.house.gov/Votes/202110?Date=01%2F06%2F2021,,Elected ,Trump ,4.8
Chuck Edwards,No,North Carolina,Representative,11,Avoided answering,"WLOS (Asheville, N.C.)",https://wlos.com/news/local/trump-corrupt-mail-in-voting-destroyed-our-system,,Elected ,Trump ,4.8
Tyler Lee,No,North Carolina,Representative,12,Raised questions,Charlotte Observer,https://www.charlotteobserver.com/news/politics-government/election/voter-guide/article260597617.html,,Not Elected,Trump ,4.8
Bo Hines,No,North Carolina,Representative,13,Fully denied,Washington Post,https://www.washingtonpost.com/politics/house-maga-squad/2021/12/26/654f49ea-5448-11ec-8769-2f4ecdf7a2ad_story.html,,Not Elected,Trump ,4.8
Pat Harrigan,No,North Carolina,Representative,14,Accepted with reservations,Charlotte Observer,https://www.charlotteobserver.com/news/politics-government/election/voter-guide/article260985592.html,,Not Elected,Trump ,4.8
John Hoeven,Yes,North Dakota,Senator,N/A,Fully accepted,Congressional roll call,https://www.senate.gov/legislative/LIS/roll_call_votes/vote1171/vote_117_1_00002.htm,,Elected ,Trump ,37.2
Kelly Armstrong,Yes,North Dakota,Representative,At-Large,Fully accepted,Congressional roll call,https://clerk.house.gov/Votes/202111?Date=01%2F07%2F2021,,Elected ,Trump ,37.2
Drew Wrigley,Yes,North Dakota,Attorney general,N/A,Avoided answering,Email to FiveThirtyEight,,,Elected ,Trump ,37.2
Michael Howe,No,North Dakota,Secretary of state,N/A,Accepted with reservations,InForum,https://www.inforum.com/opinion/columns/plain-talk-2,,Elected,Trump ,37.2
J.D. Vance,No,Ohio,Senator,N/A,Fully denied,WBUR,https://www.wbur.org/onpoint/2022/08/17/the-ohio-primary-and-what-it-means-for-the-general-election,,Elected ,Trump ,12.4
Steve Chabot,Yes,Ohio,Representative,1,Fully denied,Congressional roll call,,,Not Elected,Trump ,12.4
Brad Wenstrup,Yes,Ohio,Representative,2,Accepted with reservations,Spectrum News,https://spectrumnews1.com/oh/columbus/news/2020/12/15/which-ohio-republicans-publicly-accept-joe-biden-won,,Elected,Trump ,12.4
Lee R. Stahley,No,Ohio,Representative,3,Avoided answering,Email to FiveThirtyEight,,,Not Elected,Trump ,12.4
Jim Jordan,Yes,Ohio,Representative,4,Fully denied,"CNN, Ohio Capital Journal, congressional roll call",https://ohiocapitaljournal.com/2022/01/03/election-lies-get-standing-ovation-at-jim-jordan-qa/,,Elected ,Trump ,12.4
Bob Latta,Yes,Ohio,Representative,5,Accepted with reservations,"Supreme Court amicus brief, congressional roll call",https://www.supremecourt.gov/DocketPDF/22/22O155/163403/20201210153048641_Texas%20v.%20Pennsylvania%20Amicus%20Brief%20of%20106%20Representatives.pdf,,Elected,Trump ,12.4
Bill Johnson,Yes,Ohio,Representative,6,Fully denied,Congressional roll call,https://clerk.house.gov/Votes/202110?Date=01%2F06%2F2022 ,,Elected ,Trump ,12.4
Max Miller,No,Ohio,Representative,7,Accepted with reservations,Cleveland.com,https://www.cleveland.com/news/2022/09/trump-looms-in-7th-district-congressiona/,Previously fully denied election,Elected ,Trump ,12.4
Warren Davidson,Yes,Ohio,Representative,8,Fully denied,"Congressional roll call, WCPO-TV (Cincinnati, Ohio)",https://www.wcpo.com/news/local-news/butler-county/journal-news-davidson-defends-electoral-vote-opposition-during-town-hall,,Elected ,Trump ,12.4
J.R. Majewski,No,Ohio,Representative,9,Fully denied,"Email to FiveThirtyEight, WTVG (Toledo, Ohio)",https://www.13abc.com/2021/04/01/toledo-native-who-went-viral-for-trump-inspired-lawn-challenging-rep-kaptur/,,Not Elected,Trump ,12.4
Mike Turner,Yes,Ohio,Representative,10,Fully accepted,"Twitter, congressional roll call",https://archive.ph/mqtfM,,Elected ,Trump ,12.4
Eric J. Brewer,No,Ohio,Representative,11,No comment,,,,Not Elected,Trump ,12.4
Troy Balderson,Yes,Ohio,Representative,12,Fully accepted,"Balderson press, congressional roll call",https://balderson.house.gov/news/documentsingle.aspx?DocumentID=1922,,Elected ,Trump ,12.4
Madison Gesiotto Gilbert,No,Ohio,Representative,13,No comment,,,,Not Elected,Trump ,12.4
David P. Joyce,Yes,Ohio,Representative,14,Fully accepted,"Joyce press, congressional roll call",https://joyce.house.gov/posts/joyce-issues-statement-on-inexcusable-violence-at-us-capitol,,Elected ,Trump ,12.4
Mike Carey,Yes,Ohio,Representative,15,No comment,,,,Elected,Trump ,12.4
Mike DeWine,Yes,Ohio,Governor,N/A,Accepted with reservations,"Politico, CNN",https://www.politico.com/news/2021/01/03/dewine-tapper-election-fraud-453821,,Elected ,Trump ,12.4
Dave Yost,Yes,Ohio,Attorney general,N/A,Raised questions,Yost press,https://www.ohioattorneygeneral.gov/Media/News-Releases/December-2020/Ohio-Attorney-General-Dave-Yost-s-Statement-on-Ami,,Elected ,Trump ,12.4
Frank LaRose,Yes,Ohio,Secretary of state,N/A,Accepted with reservations,"Columbus Dispatch, Cincinnati Enquirer",https://www.dispatch.com/story/news/2022/04/26/larose-accepts-trump-endorsement-amid-voter-fraud-claims-ohio/7437555001/,,Elected ,Trump ,12.4
Markwayne Mullin,No,Oklahoma,Senator (unexpired term),N/A,Fully denied,"The Oklahoman, congressional roll call",https://www.oklahoman.com/story/news/politics/elections/state/2022/08/03/five-things-about-tuesdays-markwayne-mullin-t-w-shannon-debate/65390279007/,,Elected,Trump ,37.2
James Lankford,Yes,Oklahoma,Senator,N/A,Accepted with reservations,"McClatchyDC, congressional roll call",https://www.mcclatchydc.com/news/nation-world/national/article248530080.html,,Elected ,Trump ,37.2
Kevin Hern,Yes,Oklahoma,Representative,1,Fully denied,Congressional roll call,https://clerk.house.gov/Votes/202111?Date=01%2F07%2F2021,,Elected ,Trump ,37.2
Josh Brecheen,No,Oklahoma,Representative,2,Fully denied,Email to FiveThirtyEight,,,Elected ,Trump ,37.2
Frank D. Lucas,Yes,Oklahoma,Representative,3,Fully denied,Congressional roll call,https://clerk.house.gov/Votes/202111?Date=01%2F07%2F2021,,Elected,Trump ,37.2
Tom Cole,Yes,Oklahoma,Representative,4,Fully denied,Congressional roll call,https://clerk.house.gov/Votes/202111?Date=01%2F07%2F2021,,Elected ,Trump ,37.2
Stephanie Bice,Yes,Oklahoma,Representative,5,Fully denied,Congressional roll call,https://clerk.house.gov/Votes/202111?Date=01%2F07%2F2021,,Elected ,Trump ,37.2
Kevin Stitt,Yes,Oklahoma,Governor,N/A,Fully accepted,Public Radio Tulsa,https://www.publicradiotulsa.org/local-regional/2020-11-17/stitt-recognizes-biden-as-president-elect,,Elected,Trump ,37.2
Gentner F. Drummond,No,Oklahoma,Attorney general,N/A,No comment,,,,Elected ,Trump ,37.2
Jo Rae Perkins,No,Oregon,Senator,N/A,Fully denied,CBS,https://www.cbsnews.com/news/candidates-in-dc-january-6-2021-running-for-state-federal-office/,,Not Elected,Biden,-10.6
Christopher A. Mann,No,Oregon,Representative,1,Fully denied,Email to FiveThirtyEight,,,Not Elected,Biden,-10.6
Cliff S. Bentz,Yes,Oregon,Representative,2,Accepted with reservations,Oregon Live via Malheur Enterprise,https://www.oregonlive.com/politics/2021/01/cliff-bentz-says-he-acted-on-principle-in-vote-to-throw-out-some-presidential-ballots.html,,Elected,Biden,-10.6
Joanna Harbour,No,Oregon,Representative,3,No comment,,,,Not Elected,Biden,-10.6
Alek Skarlatos,No,Oregon,Representative,4,Avoided answering,The News-Review,https://www.nrtoday.com/news/national/national_politics/skarlatos-defazio-may-square-off-again-in-2022/article_f64eb3b1-9144-52d0-ac8d-2e7e79f11f9b.html,,Not Elected,Biden,-10.6
Lori Chavez-DeRemer,No,Oregon,Representative,5,Raised questions,Email to FiveThirtyEight,,,Elected,Biden,-10.6
Mike Erickson,No,Oregon,Representative,6,Fully accepted,Oregon Live,https://www.oregonlive.com/politics/2022/04/leading-oregon-republican-candidates-for-congress-say-biden-was-in-fact-winner-of-2020-presidential-election.html,,Not Elected,Biden,-10.6
Christine Drazan,No,Oregon,Governor,N/A,Fully accepted,Email to FiveThirtyEight,https://www.youtube.com/watch?v=VG6R9Kca31k&t=4425s,,Not Elected,Biden,-10.6
Mehmet Oz,No,Pennsylvania,Senator,N/A,Raised questions,Politico,https://www.politico.com/news/2022/04/25/dr-oz-pennsylvania-debate-trump-00027712,,Not Elected,Biden,2.9
Brian Fitzpatrick,Yes,Pennsylvania,Representative,1,Accepted with reservations,Bucks County Courier Times,https://www.buckscountycouriertimes.com/story/news/2021/03/04/fitzpatrick-votes-against-reforms-elections-gerrymandering-ethics/6918404002/,,Elected ,Biden,2.9
Aaron Bashir,No,Pennsylvania,Representative,2,Fully denied,Facebook,https://archive.ph/sLm1O,,Not Elected,Biden,2.9
Christian Nascimento,No,Pennsylvania,Representative,4,Accepted with reservations,Email to FiveThirtyEight,,,Not Elected,Biden,2.9
David Galluch,No,Pennsylvania,Representative,5,No comment,,,,Not Elected,Biden,2.9
Guy Louis Ciarrocchi,No,Pennsylvania,Representative,6,Raised questions,Twitter,https://archive.ph/oKYfL,,Not Elected,Biden,2.9
Lisa Scheller,No,Pennsylvania,Representative,7,No comment,,,,Not Elected,Biden,2.9
Jim Bognet,No,Pennsylvania,Representative,8,Fully denied,Campaign website,https://archive.ph/elL34,,Not Elected,Biden,2.9
Dan Meuser,Yes,Pennsylvania,Representative,9,Fully denied,Congressional roll call,https://clerk.house.gov/Votes/202111?Date=01%2F06%2F2021,,Elected ,Biden,2.9
Scott Perry,Yes,Pennsylvania,Representative,10,Fully denied,Congressional roll call,https://clerk.house.gov/Votes/202111?Date=01%2F06%2F2021,,Elected ,Biden,2.9
Lloyd K. Smucker,Yes,Pennsylvania,Representative,11,Fully denied,Congressional roll call,https://clerk.house.gov/Votes/202111?Date=01%2F06%2F2021,,Elected,Biden,2.9
Mike Doyle,No,Pennsylvania,Representative,12,No comment,,,,Not Elected,Biden,2.9
John Joyce,Yes,Pennsylvania,Representative,13,Fully denied,Congressional roll call,https://clerk.house.gov/Votes/202111?Date=01%2F06%2F2021,,Elected ,Biden,2.9
Guy Reschenthaler,Yes,Pennsylvania,Representative,14,Fully denied,Congressional roll call,https://clerk.house.gov/Votes/202111?Date=01%2F06%2F2021,,Elected ,Biden,2.9
"Glenn ""GT"" Thompson",Yes,Pennsylvania,Representative,15,Fully denied,Congressional roll call,https://clerk.house.gov/Votes/202111?Date=01%2F06%2F2021,,Elected,Biden,2.9
Mike Kelly,Yes,Pennsylvania,Representative,16,Fully denied,Congressional roll call,https://clerk.house.gov/Votes/202111?Date=01%2F06%2F2021,,Elected ,Biden,2.9
Jeremy Shaffer,No,Pennsylvania,Representative,17,No comment,,,,Not Elected,Biden,2.9
Douglas V. Mastriano,No,Pennsylvania,Governor,N/A,Fully denied,"WITF-TV (Harrisburg, Pa.)",https://www.witf.org/2022/06/09/how-doug-mastriano-promoted-election-lies-between-election-day-and-january-6/,,Not Elected,Biden,2.9
Allen R. Waters,No,Rhode Island,Representative,1,No comment,,,,Not Elected,Biden,-24
Allan W. Fung,No,Rhode Island,Representative,2,Accepted with reservations,Email to ABC News,,,Not Elected,Biden,-24
Ashley Kalus,No,Rhode Island,Governor,N/A,Avoided answering,"WJAR (Providence, R.I.)",https://turnto10.com/news/local/ashley-kalus-announces-run-for-rhode-island-governor,,Not Elected,Biden,-24
Charles C. Calenda,No,Rhode Island,Attorney general,N/A,No comment,,,,Not Elected,Biden,-24
Pat V. Cortellessa,No,Rhode Island,Secretary of state,N/A,Fully accepted,Email to FiveThirtyEight,,,Not Elected,Biden,-24
Tim Scott,Yes,South Carolina,Senator,N/A,Accepted with reservations,"Congressional roll call, Twitter",https://www.senate.gov/legislative/LIS/roll_call_votes/vote1171/vote_117_1_00002.htm,,Elected ,Trump ,18.6
Nancy Mace,Yes,South Carolina,Representative,1,Fully accepted,Congressional roll call,https://clerk.house.gov/Votes/202111?Date=01%2F07%2F2021,,Elected ,Trump ,18.6
Joe Wilson,Yes,South Carolina,Representative,2,Fully denied,Congressional roll call,https://clerk.house.gov/Votes/202110?Date=01%2F06%2F2021,,Elected ,Trump ,18.6
Jeff Duncan,Yes,South Carolina,Representative,3,Fully denied,Congressional roll call,https://clerk.house.gov/Votes/202110?Date=01%2F06%2F2021,,Elected ,Trump ,18.6
William Timmons,Yes,South Carolina,Representative,4,Fully denied,Congressional roll call,https://clerk.house.gov/Votes/202110?Date=01%2F06%2F2021,,Elected ,Trump ,18.6
Ralph Norman,Yes,South Carolina,Representative,5,Fully denied,Congressional roll call,https://clerk.house.gov/Votes/202110?Date=01%2F06%2F2021,,Elected,Trump ,18.6
Duke Buckner,No,South Carolina,Representative,6,No comment,,,,Not Elected,Trump ,18.6
Russell Fry,No,South Carolina,Representative,7,Fully denied,The News & Observer,https://www.newsobserver.com/news/state/south-carolina/article259273459.html,,Elected,Trump ,18.6
Henry McMaster,Yes,South Carolina,Governor,N/A,Raised questions,Post and Courier,https://www.postandcourier.com/opinion/commentary/mcmaster-it-s-time-for-sc-to-make-it-easier-to-vote-and-harder-to/article_83df6008-b743-11ec-a852-cb50175f293e.html,,Elected ,Trump ,18.6
Alan Wilson,Yes,South Carolina,Attorney general,N/A,Fully denied,Wilson press,https://archive.ph/JIqg4,,Elected ,Trump ,18.6
Mark Hammond,Yes,South Carolina,Secretary of state,N/A,No comment,,,,Elected ,Trump ,18.6
John R. Thune,Yes,South Dakota,Senator,N/A,Fully accepted,"Argus Leader
",https://www.argusleader.com/story/news/politics/2020/11/06/thune-no-evidence-shows-biden-benefitted-voter-fraud/6190130002/,,Elected ,Trump ,32.2
Dusty Johnson,Yes,South Dakota,Representative,At-Large,Accepted with reservations,South Dakota Public Broadcasting,https://www.sdpb.org/blogs/news-and-information/johnson-says-its-irresponsible-to-claim-elections-were-stolen/,,Elected,Trump ,32.2
Kristi Noem,Yes,South Dakota,Governor,N/A,Raised questions,Twitter,https://archive.ph/nJ5RJ,,Elected ,Trump ,32.2
Marty Jackley,No,South Dakota,Attorney general,N/A,No comment,,,,Elected,Trump ,32.2
Monae Johnson,No,South Dakota,Secretary of state,N/A,Raised questions,South Dakota War College,http://dakotawarcollege.com/why-does-monae-johnson-for-sos-want-my-thoughts-on-vaccination-and-abortion/,,Elected ,Trump ,32.2
Diana Lynn Harshbarger,Yes,Tennessee,Representative,1,Fully denied,Congressional roll call,https://clerk.house.gov/Votes/202110?Date=01%2F06%2F2021,,Elected ,Trump ,29.4
Tim Burchett,Yes,Tennessee,Representative,2,Fully denied,Congressional roll call,https://clerk.house.gov/Votes/202110?Date=01%2F06%2F2021,,Elected ,Trump ,29.4
Chuck Fleischmann,Yes,Tennessee,Representative,3,Fully denied,Congressional roll call,https://clerk.house.gov/Votes/202110?Date=01%2F06%2F2021,,Elected ,Trump ,29.4
Scott DesJarlais,Yes,Tennessee,Representative,4,Fully denied,Congressional roll call,https://clerk.house.gov/Votes/202110?Date=01%2F06%2F2021,,Elected,Trump ,29.4
Andy Ogles,No,Tennessee,Representative,5,Fully denied,Williamson Home Page,https://www.williamsonhomepage.com/franklin/republican-party-candidates-pitch-themselves-at-williamson-gop-event-as-early-voting-kicks-off/article_830823b2-07a8-11ed-89a5-63246dd6a7e1.html,,Elected ,Trump ,29.4
John Rose,Yes,Tennessee,Representative,6,Fully denied,Congressional roll call,https://clerk.house.gov/Votes/202110?Date=01%2F06%2F2021,,Elected ,Trump ,29.4
Mark E. Green,Yes,Tennessee,Representative,7,Raised questions,"Congressional roll call, Leaf Chronicle ",https://clerk.house.gov/Votes/202111?Date=01%2F07%2F2021,,Elected ,Trump ,29.4
David Kustoff,Yes,Tennessee,Representative,8,Fully denied,Congressional roll call,https://clerk.house.gov/Votes/202111?Date=01%2F07%2F2021,,Elected,Trump ,29.4
Charlotte Bergmann,No,Tennessee,Representative,9,Fully denied,Twitter,https://archive.ph/d7ibb,,Not Elected,Trump ,29.4
Bill Lee,Yes,Tennessee,Governor,N/A,Accepted with reservations,Associated Press,https://apnews.com/article/election-2020-joe-biden-donald-trump-coronavirus-pandemic-elections-5bdca3c9647cca16196f6cbaeea4163d,,Elected,Trump ,29.4
Nathaniel Moran,No,Texas,Representative,1,Raised questions,Campaign website,https://nathanielmoran.com/,,Elected ,Trump ,12
Dan Crenshaw,Yes,Texas,Representative,2,Accepted with reservations,"Houston Chronicle, congressional roll call",https://archive.ph/YK1ea,,Elected,Trump ,12
Keith Self,No,Texas,Representative,3,Fully denied,Dallas Morning News,https://www.dallasnews.com/news/politics/2022/01/27/rep-van-taylors-rivals-say-trump-won-jan-6-no-big-deal-and-hes-out-of-touch-for-disagreeing/,,Elected,Trump ,12
Pat Fallon,Yes,Texas,Representative,4,Fully denied,Congressional roll call,https://clerk.house.gov/Votes/202110?Date=01%2F06%2F2021,,Elected ,Trump ,12
Lance Gooden,Yes,Texas,Representative,5,Fully denied,Congressional roll call,https://clerk.house.gov/Votes/202110?Date=01%2F06%2F2021,,Elected ,Trump ,12
Jake Ellzey,Yes,Texas,Representative,6,Raised questions,Roll Call,https://rollcall.com/2021/07/21/trump-backed-his-opponent-jake-ellzey-is-still-putting-up-a-fight-in-an-all-gop-texas-runoff/,,Elected ,Trump ,12
Johnny Teague,No,Texas,Representative,7,Raised questions,Campaign Corner podcast,https://podcasts.apple.com/us/podcast/johnny-teague-tx-07-2-23/id1615942878?i=1000555097051,,Not Elected,Trump ,12
Morgan Luttrell,No,Texas,Representative,8,Fully denied,Houston Chronicle,https://archive.ph/MbInd#selection-2661.0-2661.343,,Elected ,Trump ,12
Jimmy I. Leon,No,Texas,Representative,9,No comment,,,,Not Elected,Trump ,12
Michael McCaul,Yes,Texas,Representative,10,Accepted with reservations,"McCaul press, congressional roll call",https://mccaul.house.gov/media-center/press-releases/mccaul-teams-up-with-texas-leaders-to-restore-faith-in-us-election,,Elected ,Trump ,12
August Pfluger,Yes,Texas,Representative,11,Fully denied,"Twitter, congressional roll call",https://archive.ph/vYFCK,,Elected ,Trump ,12
Kay Granger,Yes,Texas,Representative,12,Fully accepted,Texas Tribune,https://www.texastribune.org/2020/11/20/kay-granger-donald-trump/,,Elected ,Trump ,12
Ronny Jackson,Yes,Texas,Representative,13,Fully denied,"Amarillo Pioneer, congressional roll call",https://www.amarillopioneer.com/blog/2021/1/3/3bcf0kb7ddzxmzsi8i8rori53861ge,,Elected,Trump ,12
Randy Weber,Yes,Texas,Representative,14,Fully denied,"Weber press, congressional roll call",https://weber.house.gov/news/documentsingle.aspx?DocumentID=632,,Elected ,Trump ,12
Monica De La Cruz,No,Texas,Representative,15,Fully denied,New York Times,https://www.nytimes.com/2022/07/06/us/politics/mayra-flores-latina-republicans.html,,Elected,Trump ,12
Irene Armendariz-Jackson,No,Texas,Representative,16,Fully denied,"KTSM-TV (El Paso, Texas)",https://www.ktsm.com/local/el-paso-news/pro-trump-rally-in-san-jacinto-plaza-largely-peaceful/?fbclid=IwAR356awGTo6KQ4xblbssN7Xj9FBNbKBIPxKVqcxZYrPthxGClTyaImqnM8w,,Not Elected,Trump ,12
Pete Sessions,Yes,Texas,Representative,17,Fully denied,Congressional roll call,https://clerk.house.gov/Votes/202110?Date=01%2F06%2F2021,,Elected ,Trump ,12
Carmen Maria Montiel,No,Texas,Representative,18,Fully denied,Twitter,https://archive.ph/Kovlx,,Not Elected,Trump ,12
Jodey C. Arrington,Yes,Texas,Representative,19,Fully denied,Congressional roll call,https://clerk.house.gov/Votes/202110?Date=01%2F06%2F2021,,Elected ,Trump ,12
Kyle Sinclair,No,Texas,Representative,20,No comment,,,,Not Elected,Trump ,12
Chip Roy,Yes,Texas,Representative,21,Fully accepted,Washington Post,https://www.washingtonpost.com/politics/2021/01/04/chip-roy-just-spotlighted-gops-highly-convenient-interest-voter-fraud/,,Elected ,Trump ,12
Troy E. Nehls,Yes,Texas,Representative,22,Fully denied,Congressional roll call,https://clerk.house.gov/Votes/202110?Date=01%2F06%2F2021,,Elected,Trump ,12
Tony Gonzales,Yes,Texas,Representative,23,Accepted with reservations,"Gonzales press, congressional roll call",https://gonzales.house.gov/media/press-releases/gonzales-joins-texas-freshmen-letter-ag-paxton-working-together-stop-voter,,Elected,Trump ,12
Beth Van Duyne,Yes,Texas,Representative,24,Fully denied,Congressional roll call,https://clerk.house.gov/Votes/202111,,Elected,Trump ,12
Roger Williams,Yes,Texas,Representative,25,Fully denied,Congressional roll call,https://clerk.house.gov/Votes/202110?Date=01%2F06%2F2021,,Elected,Trump ,12
Michael C. Burgess,Yes,Texas,Representative,26,Fully denied,"Denton Record-Chronicle, congressional roll call",https://clerk.house.gov/Votes/202110?Date=01%2F06%2F2021,,Elected ,Trump ,12
Michael Cloud,Yes,Texas,Representative,27,Fully denied,Congressional roll call,https://clerk.house.gov/Votes/202110?Date=01%2F06%2F2021,,Elected ,Trump ,12
Cassy Garcia,No,Texas,Representative,28,No comment,,,,Not Elected,Trump ,12
Robert Schafranek,No,Texas,Representative,29,No comment,,,,Not Elected,Trump ,12
James Rodgers,No,Texas,Representative,30,Accepted with reservations,Email to FiveThirtyEight,,,Not Elected,Trump ,12
John Carter,Yes,Texas,Representative,31,Fully denied,Congressional roll call,https://clerk.house.gov/Votes/202110?Date=01%2F06%2F2021,,Elected ,Trump ,12
Antonio Swad,No,Texas,Representative,32,No comment,,,,Not Elected,Trump ,12
Patrick David Gillespie,No,Texas,Representative,33,Avoided answering,Email to FiveThirtyEight,,,Not Elected,Trump ,12
Mayra Flores,Yes,Texas,Representative,34,Fully denied,CNN,https://www.cnn.com/2022/06/23/politics/mayra-flores-capitol-riot-qanon-kfile/index.html,,Not Elected,Trump ,12
Dan McQueen,No,Texas,Representative,35,No comment,,,,Not Elected,Trump ,12
Brian Babin,Yes,Texas,Representative,36,Fully denied,Congressional roll call,https://clerk.house.gov/Votes/202110?Date=01%2F06%2F2021,,Elected,Trump ,12
Jenny Garcia Sharon,No,Texas,Representative,37,Fully denied,Twitter,https://archive.ph/wip/uX69q,,Not Elected,Trump ,12
Wesley Hunt,No,Texas,Representative,38,No comment,,,,Elected ,Trump ,12
Greg Abbott,Yes,Texas,Governor,N/A,Raised questions,Reuters,https://www.reuters.com/world/us/texas-governor-defends-upcoming-2020-election-audits-that-trump-demanded-2021-09-26/,,Elected ,Trump ,12
Ken Paxton,Yes,Texas,Attorney general,N/A,Fully denied,Texas Tribune,https://www.texastribune.org/2020/12/08/texas-ken-paxton-election-georgia/,,Elected,Trump ,12
Mike Lee,Yes,Utah,Senator,N/A,Accepted with reservations,Deseret News,https://www.deseret.com/utah/2022/6/10/23161788/mike-lee-2000-mules-raises-significant-questions-2020-election-donald-trump-voter-fraud,,Elected ,Trump ,26.3
Blake D. Moore,Yes,Utah,Representative,1,Accepted with reservations,"Moore press, congressional roll call",https://blakemoore.house.gov/media/press-releases/congressman-moore-statement-electoral-college-certification-vote,,Elected,Trump ,26.3
Chris Stewart,Yes,Utah,Representative,2,Fully denied,Congressional roll call,https://clerk.house.gov/Votes/202111?Date=01%2F06%2F2021,,Elected ,Trump ,26.3
John Curtis,Yes,Utah,Representative,3,Fully accepted,"Curtis press, congressional roll call",https://curtis.house.gov/press-releases/curtis-on-presidential-race-now-is-the-time-to-heal-the-wounds-and-come-together/,,Elected ,Trump ,26.3
Burgess Owens,Yes,Utah,Representative,4,Fully denied,Congressional roll call,https://clerk.house.gov/Votes/202111?Date=01%2F06%2F2021,,Elected ,Trump ,26.3
Gerald Malloy,No,Vermont,Senator,N/A,Fully accepted,Vermont Digger,https://vtdigger.org/2022/06/02/christina-nolan-sidesteps-questions-on-trump-in-senate-gop-primary-debate/,,Elected,Biden,-27.5
Liam Madden,No,Vermont,Representative,At-Large,Fully accepted,"WCAX-TV (Burlington, Vt.) ",https://www.wcax.com/2022/06/29/primary-preview-meet-republicans-running-us-house/,,Not Elected,Biden,-27.5
Phil Scott,Yes,Vermont,Governor,N/A,Fully accepted,"Vermont Digger, Politico",https://vtdigger.org/2020/11/27/scott-trump-bruised-confidence-in-integrity-of-elections/,,Elected ,Biden,-27.5
Mike Tagliavia,No,Vermont,Attorney general,N/A,No comment,,,,Not Elected,Biden,-27.5
H. Brooke Paige,No,Vermont,Secretary of state,N/A,Fully denied,Facebook,https://archive.ph/vw01k,,Not Elected,Biden,-27.5
Rob J. Wittman,Yes,Virginia,Representative,1,Accepted with reservations,"Twitter, congressional roll call",https://clerk.house.gov/Votes/202111?Date=01%2F07%2F2021,,Elected ,Biden,-4.6
Jen A. Kiggans,No,Virginia,Representative,2,Accepted with reservations,"Washington Post, campaign spokesman",https://www.washingtonpost.com/dc-md-va/2022/03/30/virginia-2nd-district-kiggans-bell/,Previously raised questions,Elected ,Biden,-4.6
Terry T. Namkung,No,Virginia,Representative,3,No comment,,,,Not Elected,Biden,-4.6
Leon Benjamin Sr.,No,Virginia,Representative,4,Fully denied,"WVEC (Hampton, Va.), email to FiveThirtyEight",https://www.13newsnow.com/article/news/politics/elections/donald-mceachin-debate-leon-benjamin-election-fraud-claims/291-db527bc4-4530-4038-bb11-a7a5894188b3,,Not Elected,Biden,-4.6
Bob Good,Yes,Virginia,Representative,5,Fully denied,Congressional roll call,https://clerk.house.gov/Votes/202111?Date=01%2F06%2F2021,,Elected ,Biden,-4.6
Ben L. Cline,Yes,Virginia,Representative,6,Fully denied,Congressional roll call,https://clerk.house.gov/Votes/202111?Date=01%2F07%2F2021,,Elected,Biden,-4.6
Yesli I. Vega,No,Virginia,Representative,7,Accepted with reservations,Virginia Public Media,https://vpm.org/news/articles/32981/gop-congressional-primaries-in-virginia-clouded-by-2020-election,,Not Elected,Biden,-4.6
Karina Lipsman,No,Virginia,Representative,8,Accepted with reservations,Campaign website,https://archive.ph/wip/38McH,,Not Elected,Biden,-4.6
H. Morgan Griffith,Yes,Virginia,Representative,9,Accepted with reservations,"Griffith press, congressional roll call",https://morgangriffith.house.gov/news/documentsingle.aspx?DocumentID=402422,,Elected ,Biden,-4.6
Hung Cao,No,Virginia,Representative,10,Accepted with reservations,"YouTube, email to FiveThirtyEight",https://youtu.be/xVx_gLptPRM?t=1549,Previously raised questions,Not Elected,Biden,-4.6
Jim Myles,No,Virginia,Representative,11,No comment,,,,Not Elected,Biden,-4.6
Tiffany Smiley,No,Washington,Senator,N/A,Accepted with reservations,"Seattle Times, campaign website",https://www.seattletimes.com/seattle-news/politics/tiffany-smiley-says-patty-murrays-30-years-in-senate-is-enough-murray-says-smiley-would-be-vote-for-mitch-mcconnell/,,Not Elected,Biden,-12.4
Vincent J. Cavaleri,No,Washington,Representative,1,No comment,,,,Not Elected,Biden,-12.4
Dan Matthews,No,Washington,Representative,2,No comment,,,,Not Elected,Biden,-12.4
Joe Kent,No,Washington,Representative,3,Fully denied,"CNN, Washington Post",https://www.cnn.com/2021/07/16/politics/impeachment-republicans-house-reelection/index.html,,Not Elected,Biden,-12.4
Dan Newhouse,Yes,Washington,Representative,4,Fully accepted,Congressional roll call,https://clerk.house.gov/Votes/202117,,Elected,Biden,-12.4
Cathy McMorris Rodgers,Yes,Washington,Representative,5,Accepted with reservations,"McMorris Rodgers press, congressional roll call",https://mcmorris.house.gov/posts/mcmorris-rodgers-statement-on-electoral-college-vote,,Elected ,Biden,-12.4
Elizabeth Kreiselmaier,No,Washington,Representative,6,Avoided answering,Kitsap Sun,https://www.kitsapsun.com/story/news/2022/07/15/election-2022-primary-candidates-6th-district-congress/7782095001/,,Not Elected,Biden,-12.4
Cliff Moon,No,Washington,Representative,7,No comment,,,,Not Elected,Biden,-12.4
Matt Larkin,No,Washington,Representative,8,Fully accepted,Email To FiveThirtyEight,,,Not Elected,Biden,-12.4
Doug Basler,No,Washington,Representative,9,Fully denied,Seattle Times,https://www.seattletimes.com/seattle-news/politics/washington-election-integrity-group-and-lawyer-fined-for-meritless-vote-fraud-lawsuit/,,Not Elected,Biden,-12.4
Keith R. Swank,No,Washington,Representative,10,Fully denied,Twitter,https://archive.ph/HOyiM,,Not Elected,Biden,-12.4
Carol Miller,Yes,West Virginia,Representative,1,Fully denied,"Miller op-ed, congressional roll call ",https://s3.amazonaws.com/wvmetro-uploads-prod/2021/01/CarolMiller-ObjectionStatement.pdf,,Elected,Trump ,35.5
Alexander X. Mooney,Yes,West Virginia,Representative,2,Fully denied,"Twitter, congressional roll call",https://archive.ph/eO66z,,Elected,Trump ,35.5
Ron Johnson,Yes,Wisconsin,Senator,N/A,Fully denied,Politico,https://www.politico.com/news/2022/06/21/jan-6-panel-trump-overturn-2020-election-00040816,,Elected,Biden,4.1
Bryan Steil,Yes,Wisconsin,Representative,1,Fully accepted,"WKOW (Madison, Wis.), congressional roll call",https://www.wkow.com/news/will-you-tell-this-gentleman-who-won-the-election-2020-election-looms-over-steil-town/article_673df23a-a969-11ec-b535-6fb21e539da3.html,,Elected ,Biden,4.1
Erik Olsen,No,Wisconsin,Representative,2,No comment,,,,Not Elected,Biden,4.1
Derrick Van Orden,No,Wisconsin,Representative,3,Fully denied,Axios,https://www.axios.com/2022/08/10/wisconsin-primaries-derrick-van-orden-trump,,Elected,Biden,4.1
Tim Rogers,No,Wisconsin,Representative,4,No comment,,,,Not Elected,Biden,4.1
Scott Fitzgerald,Yes,Wisconsin,Representative,5,Fully denied,"Congressional roll call, WisPolitics",https://www.wispolitics.com/2022/sen-larson-open-records-regarding-wisconsins-fake-electors-suggest-congressman-scott-fitzgerald-played-significant-role-in-trying-to-overturn-a-free-and-fair-election/,,Elected ,Biden,4.1
Glenn Grothman,Yes,Wisconsin,Representative,6,Accepted with reservations,"Grothman press, congressional roll call",https://archive.ph/F8j8q#selection-187.107-195.28,,Elected ,Biden,4.1
Tom Tiffany,Yes,Wisconsin,Representative,7,Fully denied,Congressional roll call,https://clerk.house.gov/Votes/202110?Date=01%2F06%2F2021,,Elected ,Biden,4.1
Mike Gallagher,Yes,Wisconsin,Representative,8,Accepted with reservations,"Gallagher press, congressional roll call",https://archive.ph/5T8lp,,Elected ,Biden,4.1
Tim Michels,No,Wisconsin,Governor,N/A,Raised questions,"WDJT-TV (Milwaukee, Wis.)",https://www.cbs58.com/news/michels-unsure-if-2020-election-was-stolen-says-hes-focused-on-2022-after-winning-trump-endorsement,,Not Elected,Biden,4.1
Eric Toney,No,Wisconsin,Attorney general,N/A,Accepted with reservations,Email to FiveThirtyEight,,,Not Elected,Biden,4.1
Amy Lynn Loudenbeck,No,Wisconsin,Secretary of state,N/A,Accepted with reservations,NBC,https://www.nbcnews.com/politics/2022-election/candidates-say-trump-won-2020now-running-oversee-future-elections-rcna26241,,Not Elected,Biden,4.1
Harriet Hageman,No,Wyoming,Representative,At-Large,Fully denied,Casper Star-Tribune,https://trib.com/news/state-and-regional/hageman-says-2020-election-was-rigged/article_01a1e786-13f1-11ed-b6fc-d32f25c31359.html,,Elected,Trump ,49.7
Mark Gordon,Yes,Wyoming,Governor,N/A,No comment,,,,Elected ,Trump ,49.7
Chuck Gray,No,Wyoming,Secretary of state,N/A,Fully denied,Bolts,https://boltsmag.org/wyoming-first-election-denier-secretary-of-state/,,Elected ,Trump ,49.7